"","Player","Team","Season","Position","Minutes","Shots","SoT","G","xG","xPlace","G-xG","KeyP","A","xA","A-xA","xG+xA","PA","xPA"
"","Luciano Acosta","CIN","2022","AM","1022","23","6","4","5.00","-2.42","-1.00","42","1","5.05","-4.05","10.05","1.91","2.22"
"","Valentín Castellanos","NYC","2022","ST","801","34","14","5","5.32","-0.01","-0.32","20","1","2.07","-1.07","7.39","0.91","1.72"
"","Hany Mukhtar","NSH","2022","AM","959","34","18","2","4.85","-1.65","-2.85","15","2","2.21","-0.21","7.06","1.13","3.73"
"","Daniel Gazdag","PHI","2022","AM","933","18","13","5","5.32","0.14","-0.32","10","2","1.62","0.38","6.94","1.48","1.71"
"","Patryk Klimala","NYRB","2022","ST","612","24","11","3","4.90","-0.84","-1.90","10","3","1.83","1.17","6.73","1.68","2.63"
"","Diego Rubio","COL","2022","ST","750","27","11","5","4.52","-1.50","0.48","13","1","1.45","-0.45","5.97","3.06","3.38"
"","Brandon Vázquez","CIN","2022","ST","872","25","12","6","4.55","-0.46","1.45","7","2","1.20","0.80","5.75","1.79","2.12"
"","Carles Gil","NER","2022","AM","926","17","8","3","3.08","-0.10","-0.08","36","4","2.63","1.37","5.71","2.72","2.40"
"","Sebastián Driussi","ATX","2022","AM","976","23","13","7","3.74","1.71","3.26","14","2","1.84","0.16","5.59","2.76","1.77"
"","Djordje Mihailovic","MTL","2022","AM","897","18","11","5","2.51","1.62","2.49","24","3","2.86","0.14","5.37","3.07","1.41"
"","Alejandro Pozuelo","TOR","2022","AM","1129","10","7","2","2.04","1.38","-0.04","23","3","3.19","-0.19","5.22","1.28","1.55"
"","Jesús Ferreira","FCD","2022","ST","872","25","10","7","3.73","0.37","3.27","12","1","1.38","-0.38","5.11","2.40","1.88"
"","Carlos Vela","LAFC","2022","W","858","24","10","4","3.13","0.32","0.87","25","2","1.90","0.10","5.03","0.89","1.59"
"","Pablo Ruiz","RSL","2022","CM","1056","17","2","1","2.34","-1.53","-1.34","22","2","2.58","-0.58","4.92","0.55","1.47"
"","Jesús Jiménez","TOR","2022","ST","1081","19","10","7","4.23","0.70","2.77","3","1","0.64","0.36","4.87","3.97","2.89"
"","Talles Magno","NYC","2022","W","808","21","8","1","3.14","0.65","-2.14","14","4","1.61","2.39","4.75","0.13","0.98"
"","Jeremy Ebobisse","SJE","2022","ST","912","28","12","5","3.87","2.22","1.13","8","0","0.88","-0.88","4.75","4.16","3.18"
"","Alexander Ring","ATX","2022","DM","913","18","4","1","2.63","-1.73","-1.63","13","2","2.09","-0.09","4.72","0.31","1.80"
"","Lewis Morgan","NYRB","2022","FB","940","25","12","4","2.54","1.31","1.46","19","1","2.02","-1.02","4.56","0.69","0.96"
"","Cristian Espinoza","SJE","2022","W","893","33","9","4","3.63","-0.75","0.37","9","2","0.75","1.25","4.37","1.94","1.82"
"","Lucas Zelarayán","CLB","2022","AM","753","22","7","4","1.50","-0.17","2.50","29","1","2.86","-1.86","4.36","1.49","0.73"
"","Yimmi Chará","POR","2022","ST","1083","20","8","3","2.65","0.70","0.35","20","1","1.53","-0.54","4.18","1.76","2.15"
"","Romell Quioto","MTL","2022","ST","624","18","8","3","3.13","-0.85","-0.13","4","1","1.00","-0.00","4.14","0.62","0.97"
"","Paul Arriola","FCD","2022","W","780","16","5","2","1.71","-0.75","0.29","18","2","2.41","-0.41","4.12","0.01","0.90"
"","Darwin Quintero","HOU","2022","AM","647","21","11","4","2.68","1.49","1.32","14","0","1.43","-1.43","4.10","2.26","1.68"
"","Chicharito","LAG","2022","ST","955","27","14","5","3.84","0.62","1.16","5","0","0.25","-0.25","4.08","1.69","2.54"
"","Leonardo Campana","MIA","2022","ST","650","21","10","5","2.89","1.58","2.11","6","1","1.16","-0.16","4.05","2.47","1.58"
"","Ola Kamara","DCU","2022","ST","494","15","8","4","3.86","-0.30","0.14","2","0","0.16","-0.16","4.02","0.90","1.79"
"","Rándall Leal","NSH","2022","AM","861","18","5","1","1.48","-0.41","-0.48","11","2","2.50","-0.50","3.98","1.44","1.59"
"","Dániel Sallói","SKC","2022","W","869","29","13","2","2.97","0.48","-0.97","8","0","0.97","-0.97","3.94","2.21","2.17"
"","Alexandre Pato","ORL","2022","ST","693","17","8","2","2.13","1.08","-0.13","11","2","1.73","0.27","3.87","1.42","1.35"
"","Derrick Etienne","CLB","2022","W","828","21","10","3","2.59","-0.10","0.41","10","3","1.22","1.78","3.81","0.73","2.20"
"","Omir Fernandez","NYRB","2022","AM","671","16","6","2","1.88","-0.24","0.12","9","1","1.84","-0.84","3.71","0.75","1.41"
"","Brenner","CIN","2022","ST","399","16","6","0","2.98","-1.09","-2.98","7","1","0.71","0.29","3.69","0.00","1.46"
"","Ercan Kara","ORL","2022","ST","672","13","5","2","2.94","-0.32","-0.94","5","2","0.70","1.30","3.64","0.44","1.40"
"","Julián Carranza","PHI","2022","ST","667","15","8","4","3.04","1.22","0.96","5","1","0.56","0.44","3.60","1.90","1.62"
"","Robin Lod","MIN","2022","W","851","17","7","3","1.67","0.83","1.33","18","1","1.92","-0.92","3.59","1.12","1.17"
"","Cristian Arango","LAFC","2022","ST","623","26","7","2","2.59","-0.80","-0.59","5","1","1.00","-0.00","3.59","1.75","2.15"
"","Dominique Badji","CIN","2022","ST","843","23","10","0","2.69","-0.82","-2.69","6","1","0.86","0.14","3.55","0.00","1.79"
"","Thiago Almada","ATL","2022","W","687","21","8","1","1.42","0.24","-0.42","19","1","2.13","-1.13","3.55","0.80","1.11"
"","Maximiliano Urruti","ATX","2022","ST","735","26","8","4","3.18","-0.35","0.82","3","0","0.35","-0.35","3.53","1.61","1.91"
"","C.J. Sapong","NSH","2022","ST","807","14","6","3","2.32","-0.81","0.68","8","1","1.21","-0.21","3.53","1.01","1.32"
"","Adam Buksa","NER","2022","ST","710","26","10","4","3.33","0.49","0.67","1","1","0.19","0.81","3.52","1.73","1.70"
"","Emanuel Reynoso","MIN","2022","AM","945","17","5","2","1.84","0.26","0.16","26","2","1.65","0.35","3.49","1.23","1.25"
"","Santiago Rodríguez","NYC","2022","W","768","13","5","2","1.85","-0.19","0.15","18","3","1.60","1.40","3.45","0.59","0.97"
"","Kwadwo Opoku","LAFC","2022","W","704","21","8","3","2.88","0.18","0.12","9","0","0.57","-0.57","3.45","1.30","1.30"
"","Fafa Picault","HOU","2022","W","871","13","7","2","2.26","0.25","-0.26","9","1","1.12","-0.12","3.38","0.09","0.99"
"","Gonzalo Higuaín","MIA","2022","ST","481","8","2","2","1.86","-0.16","0.14","14","1","1.45","-0.45","3.31","1.44","1.25"
"","Ronaldo Cisneros","ATL","2022","ST","407","14","8","4","3.16","0.27","0.84","2","0","0.13","-0.13","3.29","1.06","1.35"
"","Johnny Russell","SKC","2022","W","935","20","4","2","1.92","-0.34","0.08","15","0","1.37","-1.37","3.29","0.85","1.29"
"","Xherdan Shaqiri","CHI","2022","AM","696","12","4","2","1.88","-0.09","0.12","16","0","1.41","-1.41","3.29","0.81","0.88"
"","Marcelino Moreno","ATL","2022","AM","726","18","9","2","1.68","1.01","0.32","11","2","1.59","0.41","3.27","1.18","1.37"
"","Brooks Lennon","ATL","2022","FB","889","11","5","2","0.95","0.09","1.05","29","1","2.30","-1.30","3.25","1.82","0.63"
"","Luis Amarilla","MIN","2022","ST","698","19","5","2","2.45","-1.13","-0.45","6","0","0.69","-0.69","3.14","0.89","1.83"
"","Mark-Anthony Kaye","COL","2022","CM","903","11","4","3","1.83","0.51","1.17","9","0","1.25","-1.25","3.08","0.82","0.93"
"","Sergio Santos","PHI","2022","ST","409","9","2","0","1.29","-1.05","-1.29","7","2","1.73","0.27","3.01","0.00","0.71"
"","Santiago Moreno","POR","2022","W","747","13","4","0","1.11","-0.49","-1.11","14","2","1.89","0.11","3.01","0.00","0.86"
"","Kevin Cabral","LAG","2022","W","606","10","3","0","2.10","-0.87","-2.10","10","0","0.89","-0.89","2.99","0.00","1.12"
"","Michael Barrios","COL","2022","W","636","11","4","0","1.26","-0.42","-1.26","12","3","1.70","1.30","2.96","0.00","0.88"
"","Ryan Gauld","VAN","2022","AM","604","17","5","1","2.08","-0.65","-1.08","8","0","0.86","-0.86","2.94","0.99","1.55"
"","Diego Fagundez","ATX","2022","W","847","8","2","1","0.73","-0.09","0.27","18","6","2.20","3.80","2.93","1.16","0.66"
"","Maikel Chang","RSL","2022","W","719","12","5","0","1.26","-0.27","-1.26","12","2","1.66","0.34","2.93","0.00","1.15"
"","Dairon Asprilla","POR","2022","W","767","12","3","2","2.58","-0.56","-0.58","4","0","0.27","-0.27","2.85","1.28","1.42"
"","Thiago","NYC","2022","W","546","17","8","4","2.46","0.52","1.54","4","1","0.35","0.65","2.81","1.26","1.81"
"","Tom Barlow","NYRB","2022","ST","410","12","7","2","2.67","0.25","-0.67","2","0","0.11","-0.11","2.79","0.34","1.26"
"","Karol Swiderski","CLT","2022","ST","902","26","16","4","2.35","2.57","1.65","5","0","0.40","-0.40","2.75","1.89","1.61"
"","Cristhian Paredes","POR","2022","CM","874","13","5","1","2.10","-0.35","-1.10","7","0","0.59","-0.59","2.69","1.52","2.08"
"","Carlos Ferreira","HOU","2022","ST","825","16","6","4","2.09","0.12","1.91","6","0","0.58","-0.58","2.67","1.61","1.17"
"","Cristian Cásseres Jr","NYRB","2022","CM","620","16","4","1","1.79","-0.08","-0.79","7","0","0.88","-0.88","2.66","0.11","0.86"
"","Julian Gressel","DCU","2022","FB","811","9","4","0","0.81","0.35","-0.81","23","2","1.83","0.17","2.63","0.00","0.20"
"","Miguel Berry","CLB","2022","ST","708","17","4","2","2.23","-0.65","-0.23","7","0","0.39","-0.39","2.62","0.95","1.16"
"","Sergio Córdova","RSL","2022","ST","665","14","7","1","2.10","-0.06","-1.10","6","1","0.50","0.50","2.60","0.97","1.91"
"","Brandon Bye","NER","2022","FB","790","9","3","2","0.36","0.38","1.64","20","1","2.22","-1.22","2.58","0.96","0.22"
"","Lucas Cavallini","VAN","2022","ST","570","21","5","1","1.72","-0.33","-0.72","4","1","0.86","0.14","2.58","0.63","1.14"
"","Yaw Yeboah","CLB","2022","W","639","13","3","0","1.24","-1.10","-1.24","9","1","1.31","-0.31","2.55","0.00","0.90"
"","Jamiro Monteiro","SJE","2022","AM","779","7","3","0","0.56","-0.23","-0.56","18","2","1.96","0.04","2.52","0.00","0.50"
"","Mauricio Pereyra","ORL","2022","AM","999","6","1","0","0.28","-0.25","-0.28","22","3","2.23","0.77","2.51","0.00","0.22"
"","Facundo Torres","ORL","2022","W","891","14","3","2","1.44","-0.39","0.56","12","2","1.06","0.94","2.50","0.86","0.74"
"","Mikael Uhre","PHI","2022","ST","393","10","7","1","1.44","-0.09","-0.44","5","1","1.02","-0.02","2.46","0.42","0.77"
"","Brian Rodríguez","LAFC","2022","W","471","14","5","1","1.34","-0.17","-0.34","4","1","1.08","-0.08","2.42","0.48","0.70"
"","Jonathan Lewis","COL","2022","W","695","17","8","1","2.11","-0.76","-1.11","6","0","0.29","-0.29","2.41","0.25","1.19"
"","Aaron Long","NYRB","2022","CB","967","11","5","2","2.07","-0.16","-0.07","4","0","0.33","-0.33","2.40","0.96","1.39"
"","Daniel Ríos","CLT","2022","ST","617","17","5","0","1.74","0.21","-1.74","5","0","0.63","-0.63","2.37","0.00","1.29"
"","Jordan Morris","SEA","2022","W","408","7","3","2","2.09","-0.33","-0.09","3","0","0.27","-0.27","2.37","0.59","0.91"
"","Darlington Nagbe","CLB","2022","DM","985","8","3","2","1.33","0.06","0.67","6","0","1.03","-1.03","2.35","1.95","1.69"
"","Cristian Dájome","VAN","2022","FB","690","17","4","1","1.76","-0.15","-0.76","5","1","0.58","0.42","2.34","0.85","0.70"
"","Bobby Wood","RSL","2022","ST","680","14","6","2","2.32","-1.19","-0.32","1","0","0.01","-0.01","2.34","0.98","1.69"
"","Jaroslaw Niezgoda","POR","2022","ST","922","13","5","3","1.90","-0.06","1.10","6","0","0.43","-0.43","2.33","0.92","1.26"
"","Benjamin Bender","CLT","2022","W","740","11","3","1","0.92","0.02","0.08","16","3","1.41","1.59","2.32","0.25","0.40"
"","Ariel Lassiter","MIA","2022","W","631","17","4","0","1.33","-0.67","-1.33","10","1","0.99","0.01","2.32","0.00","0.75"
"","Sebastián Blanco","POR","2022","ST","459","13","5","0","0.66","-0.00","-0.66","10","2","1.65","0.35","2.31","0.00","0.35"
"","Kacper Przybylko","CHI","2022","ST","736","17","6","2","1.51","0.21","0.49","5","0","0.80","-0.80","2.30","0.57","1.10"
"","Maximiliano Morález","NYC","2022","AM","544","8","2","0","0.57","-0.08","-0.57","19","1","1.70","-0.70","2.27","0.00","0.61"
"","Cory Burke","PHI","2022","ST","412","13","3","2","2.01","-0.37","-0.01","1","0","0.24","-0.24","2.25","1.20","1.38"
"","Gyasi Zardes","CLB, COL","2022","ST","458","9","3","1","1.80","-0.22","-0.80","9","0","0.44","-0.44","2.24","0.24","1.34"
"","Dave Romney","NSH","2022","CB","993","9","2","2","2.12","-0.53","-0.12","1","0","0.11","-0.11","2.23","1.56","1.77"
"","Alan Velasco","FCD","2022","W","638","17","7","2","1.40","0.06","0.60","10","2","0.80","1.20","2.21","0.90","0.71"
"","Déiber Caicedo","VAN","2022","ST","508","10","2","0","1.03","-0.07","-1.03","12","1","1.14","-0.14","2.17","0.00","0.60"
"","Calvin Harris","CIN","2022","FB","192","7","3","1","1.42","0.26","-0.42","2","1","0.73","0.27","2.15","0.51","0.50"
"","Sebastian Lletget","NER","2022","CM","811","18","9","1","1.86","1.24","-0.86","4","1","0.29","0.71","2.15","0.56","1.43"
"","Josef Martínez","ATL","2022","ST","444","10","6","2","1.50","0.62","0.50","4","2","0.63","1.37","2.13","1.10","0.90"
"","Keaton Parks","NYC","2022","DM","725","13","7","2","1.28","0.44","0.72","7","0","0.83","-0.83","2.11","0.41","0.48"
"","Alejandro Bedoya","PHI","2022","CM","885","10","4","2","0.71","0.65","1.29","12","0","1.40","-1.40","2.11","1.69","0.55"
"","José Cifuentes","LAFC","2022","CM","699","19","7","2","1.40","1.26","0.60","9","3","0.69","2.31","2.10","0.05","0.63"
"","Samuel Grandsir","LAG","2022","W","425","8","4","0","0.87","-0.46","-0.87","5","3","1.21","1.79","2.07","0.00","0.26"
"","Danny Musovski","LAFC","2022","W","141","7","3","1","2.01","-0.09","-1.01","1","0","0.05","-0.05","2.05","0.28","0.68"
"","Cristian Roldan","SEA","2022","W","621","9","4","1","1.16","0.18","-0.16","6","1","0.89","0.11","2.05","0.22","0.96"
"","Justin Meram","RSL","2022","W","827","6","1","1","0.63","-0.30","0.37","16","1","1.41","-0.41","2.05","0.37","0.28"
"","Jan Gregus","SJE","2022","CM","951","9","5","0","0.29","0.97","-0.29","19","4","1.71","2.29","2.00","0.00","0.20"
"","Efrain Álvarez","LAG","2022","W","717","19","5","1","1.11","-0.15","-0.11","13","0","0.89","-0.89","2.00","0.30","0.89"
"","Joaquín Torres","MTL","2022","AM","445","13","5","3","1.59","0.85","1.41","6","1","0.36","0.64","1.95","0.84","0.52"
"","Kai Wagner","PHI","2022","FB","1001","3","0","0","0.10","-0.10","-0.10","21","1","1.81","-0.81","1.91","0.00","0.06"
"","Zachary Brault-Guillard","MTL","2022","FB","156","3","2","2","1.13","-0.07","0.87","5","1","0.78","0.23","1.90","0.81","0.80"
"","Nicolás Lodeiro","SEA","2022","AM","195","3","2","1","0.85","0.11","0.15","5","3","1.05","1.95","1.89","0.54","0.49"
"","Douglas Costa","LAG","2022","W","562","16","4","1","0.61","-0.09","0.39","11","0","1.27","-1.27","1.88","0.88","0.55"
"","Jean Mota","MIA","2022","CM","903","26","5","0","0.98","-0.75","-0.98","13","0","0.90","-0.90","1.88","0.00","0.64"
"","Michael Estrada","DCU","2022","ST","343","6","3","3","1.66","-0.08","1.34","2","0","0.19","-0.19","1.86","0.96","0.68"
"","Walker Zimmerman","NSH","2022","CB","919","10","5","1","1.29","0.75","-0.29","5","0","0.56","-0.56","1.85","0.81","1.25"
"","Raheem Edwards","LAG","2022","FB","993","11","2","0","0.84","0.09","-0.84","11","3","1.01","1.99","1.85","0.00","0.72"
"","Joel Waterman","MTL","2022","CB","895","6","4","1","1.84","-0.16","-0.84","0","0","0.00","0.00","1.84","0.49","1.16"
"","Brad Smith","DCU","2022","FB","771","3","2","0","0.32","-0.07","-0.32","10","1","1.50","-0.50","1.83","0.00","0.17"
"","Jordy Alcívar","CLT","2022","W","608","9","6","1","1.19","0.58","-0.19","12","1","0.63","0.37","1.81","0.61","0.74"
"","Brandon Servania","FCD","2022","CM","722","12","5","1","0.57","-0.21","0.43","6","3","1.22","1.78","1.79","0.67","0.48"
"","Andrew Gutman","ATL","2022","FB","939","14","6","0","1.48","-0.55","-1.48","5","0","0.28","-0.28","1.76","0.00","1.83"
"","Diego Palacios","LAFC","2022","FB","770","4","1","0","0.10","-0.06","-0.10","14","2","1.66","0.34","1.76","0.00","0.07"
"","Victor Wanyama","MTL","2022","CM","872","8","2","0","0.24","-0.13","-0.24","8","1","1.49","-0.49","1.74","0.00","0.16"
"","Taxiarchis Fountas","DCU","2022","AM","270","17","7","4","1.09","1.16","2.91","3","1","0.64","0.36","1.73","1.67","0.35"
"","Franco Jara","FCD","2022","ST","199","8","5","1","1.55","0.08","-0.55","2","0","0.17","-0.17","1.73","0.36","1.43"
"","Rayan Raveloson","LAG","2022","CM","962","14","2","0","1.11","-1.03","-1.11","6","1","0.61","0.39","1.72","0.00","1.13"
"","Alistair Johnston","MTL","2022","FB","883","2","0","0","0.07","-0.07","-0.07","9","3","1.64","1.36","1.71","0.00","0.04"
"","Edison Flores","DCU","2022","AM","623","12","1","0","0.90","-0.77","-0.90","6","0","0.82","-0.82","1.71","0.00","0.65"
"","Andre Shinyashiki","COL, CLT","2022","W","292","9","5","2","0.97","0.41","1.03","2","0","0.74","-0.74","1.71","0.56","0.52"
"","Tsiki Ntsabeleng","FCD","2022","CM","214","4","2","1","1.39","0.25","-0.39","4","0","0.32","-0.32","1.71","1.50","1.68"
"","Stanislav Ivanov","CHI","2022","W","670","11","4","1","1.38","-0.04","-0.38","4","0","0.31","-0.31","1.70","0.63","1.02"
"","Luca Petrasso","TOR","2022","FB","998","6","3","0","0.53","-0.31","-0.53","9","2","1.17","0.83","1.70","0.00","0.27"
"","Julio Cascante","ATX","2022","CB","995","6","1","1","1.24","-1.18","-0.24","5","2","0.46","1.54","1.69","0.38","0.43"
"","Jonathan Osorio","TOR","2022","CM","851","5","4","2","0.56","0.82","1.44","6","3","1.10","1.90","1.67","1.50","0.44"
"","John Tolkin","NYRB","2022","FB","998","8","2","0","0.78","-0.66","-0.78","8","0","0.88","-0.88","1.67","0.00","0.65"
"","DeJuan Jones","NER","2022","FB","891","8","2","1","0.39","-0.22","0.61","14","3","1.27","1.73","1.66","1.04","0.30"
"","Alex Muyl","NSH","2022","FB","774","10","4","1","1.05","0.49","-0.05","4","0","0.56","-0.56","1.61","0.59","0.80"
"","Fredy Montero","SEA","2022","ST","439","12","4","1","1.42","-0.42","-0.42","3","0","0.19","-0.19","1.60","0.67","1.12"
"","Damir Kreilach","RSL","2022","AM","331","9","4","1","1.56","0.01","-0.56","2","0","0.04","-0.04","1.60","0.44","0.41"
"","Bongokuhle Hlongwane","MIN","2022","W","395","15","7","0","0.98","-0.09","-0.98","5","2","0.59","1.41","1.57","0.00","0.78"
"","Luquinhas","NYRB","2022","AM","513","7","1","1","0.30","0.19","0.70","10","2","1.27","0.73","1.56","0.45","0.20"
"","Malte Amundsen","NYC","2022","FB","676","5","0","0","0.21","-0.21","-0.21","9","0","1.35","-1.35","1.56","0.00","0.14"
"","Nicholas Markanich","CIN","2022","ST","134","6","0","0","1.55","-1.55","-1.55","0","0","0.00","0.00","1.55","0.00","1.01"
"","Lassi Lappalainen","MTL","2022","FB","808","9","4","1","0.99","-0.18","0.01","10","1","0.56","0.44","1.55","0.61","0.47"
"","Kei Kamara","MTL","2022","ST","544","11","3","2","1.24","-0.17","0.76","3","1","0.29","0.71","1.54","1.59","0.87"
"","Jáder Obrian","FCD","2022","W","492","8","2","1","1.21","-0.28","-0.21","3","0","0.33","-0.33","1.53","0.48","0.91"
"","Nick Lima","ATX","2022","FB","837","8","0","0","0.27","-0.27","-0.27","8","0","1.26","-1.26","1.53","0.00","0.19"
"","Francisco Calvo","SJE","2022","CB","994","11","4","2","1.15","0.58","0.85","2","0","0.36","-0.36","1.51","2.66","1.14"
"","Ethan Finlay","ATX","2022","W","565","5","2","2","0.85","0.59","1.15","4","1","0.66","0.34","1.51","0.06","0.13"
"","Mamadou Fall","LAFC","2022","CB","884","9","2","1","1.46","-0.47","-0.46","2","0","0.05","-0.05","1.51","1.74","1.92"
"","Corey Baird","HOU","2022","W","559","6","1","0","0.27","-0.13","-0.27","4","1","1.20","-0.20","1.47","0.00","0.22"
"","Franco Fragapane","MIN","2022","W","467","7","3","0","1.03","-0.25","-1.03","6","1","0.43","0.57","1.46","0.00","0.69"
"","Brian White","VAN","2022","ST","465","11","5","1","1.34","0.20","-0.34","2","0","0.11","-0.11","1.46","0.84","0.68"
"","Júnior Urso","ORL","2022","DM","846","10","5","2","1.07","0.08","0.93","3","0","0.38","-0.38","1.46","1.15","0.71"
"","Christian Ortíz","CLT","2022","AM","429","7","2","1","0.45","0.07","0.55","9","0","0.99","-0.99","1.45","0.93","0.23"
"","Ismael Koné","MTL","2022","CM","674","12","4","1","0.54","-0.18","0.46","5","2","0.86","1.14","1.40","0.49","0.26"
"","Alexander Callens","NYC","2022","CB","942","8","3","1","1.39","-0.65","-0.39","0","0","0.00","0.00","1.39","0.49","0.81"
"","Christian Fuchs","CLT","2022","CB","1043","10","3","1","1.26","-0.14","-0.26","3","0","0.11","-0.11","1.37","0.88","0.97"
"","Ilie Sánchez","LAFC","2022","DM","979","7","2","1","0.22","-0.03","0.78","8","0","1.15","-1.15","1.37","0.47","0.18"
"","Ashley Fletcher","NYRB","2022","ST","232","9","3","0","1.01","-0.63","-1.01","3","0","0.34","-0.34","1.35","0.00","0.62"
"","Hassani Dotson","MIN","2022","FB","685","3","1","1","0.97","-0.08","0.03","7","2","0.36","1.64","1.33","1.23","1.16"
"","Mauricio Pineda","CHI","2022","DM","853","5","1","0","0.98","-0.88","-0.98","3","0","0.34","-0.34","1.32","0.00","0.68"
"","Keegan Rosenberry","COL","2022","FB","991","12","3","0","0.35","-0.08","-0.35","9","0","0.97","-0.97","1.31","0.00","0.26"
"","Robbie Robinson","MIA","2022","W","439","7","3","1","0.74","0.17","0.26","9","1","0.58","0.42","1.31","0.56","0.37"
"","Emmanuel Boateng","NER","2022","CM","400","3","1","1","0.37","0.00","0.63","12","1","0.94","0.06","1.31","0.55","0.35"
"","Júnior Moreno","CIN","2022","CM","1014","7","1","0","0.29","0.02","-0.29","8","0","0.99","-0.99","1.28","0.00","0.23"
"","Remi Walter","SKC","2022","CM","1076","7","2","2","0.54","0.30","1.46","14","0","0.73","-0.73","1.27","1.09","0.36"
"","Kamal Miller","MTL","2022","CB","979","6","3","1","0.67","0.74","0.33","5","2","0.59","1.41","1.26","0.58","0.55"
"","Haris Medunjanin","CIN","2022","CM","221","0","0","0","0.00","0.00","0.00","7","0","1.25","-1.25","1.25","0.00","0.00"
"","Jesús David Murillo","LAFC","2022","CB","792","5","2","1","1.06","-0.29","-0.06","1","1","0.18","0.82","1.25","0.51","0.31"
"","Michael Bradley","TOR","2022","CM","1142","6","2","1","0.49","0.28","0.51","7","1","0.76","0.24","1.24","0.98","0.43"
"","Dax McCarty","NSH","2022","DM","455","6","1","0","0.24","-0.23","-0.24","6","0","1.00","-1.00","1.24","0.00","0.20"
"","Gabriel Pereira","NYC","2022","W","158","6","4","2","0.70","1.58","1.30","3","0","0.53","-0.53","1.24","0.05","0.06"
"","Luiz Araújo","ATL","2022","CM","268","10","1","1","0.60","0.07","0.40","4","1","0.63","0.37","1.23","0.48","0.38"
"","Thorleifur Úlfarsson","HOU","2022","ST","230","8","2","0","1.18","-0.35","-1.18","1","0","0.05","-0.05","1.22","0.00","0.96"
"","Nanu","FCD","2022","FB","430","6","1","0","0.41","-0.36","-0.41","4","2","0.81","1.19","1.22","0.00","0.50"
"","Daniel Pereira Gil","ATX","2022","DM","897","9","4","1","0.69","-0.10","0.31","9","0","0.52","-0.52","1.21","0.82","0.39"
"","Cecilio Domínguez","ATX","2022","W","300","9","3","2","0.86","-0.19","1.14","3","0","0.33","-0.33","1.20","0.56","0.48"
"","Dom Dwyer","ATL","2022","ST","183","7","2","1","1.19","-0.64","-0.19","0","0","0.00","0.00","1.19","0.21","0.57"
"","Abu Danladi","MIN","2022","W","281","6","2","1","0.40","0.42","0.60","5","0","0.80","-0.80","1.19","0.09","0.22"
"","Khiry Shelton","SKC","2022","ST","727","8","2","0","0.92","-0.40","-0.92","5","0","0.27","-0.27","1.18","0.00","0.72"
"","Víctor Vázquez","LAG","2022","ST","359","8","0","0","0.38","-0.38","-0.38","8","0","0.79","-0.79","1.17","0.00","0.21"
"","Steve Birnbaum","DCU","2022","CB","916","6","2","0","0.59","0.33","-0.59","2","0","0.58","-0.58","1.16","0.00","0.29"
"","Luis Díaz","CLB","2022","W","197","5","3","1","1.16","0.26","-0.16","0","0","0.00","0.00","1.16","0.00","0.42"
"","Caleb Wiley","ATL","2022","W","218","3","1","1","0.55","-0.19","0.45","6","0","0.60","-0.60","1.15","0.01","0.15"
"","Bill Tuiloma","POR","2022","CB","926","18","4","2","1.14","-0.02","0.86","0","0","0.00","0.00","1.14","1.11","0.61"
"","DeAndre Yedlin","MIA","2022","FB","990","3","0","0","0.09","-0.09","-0.09","10","2","1.05","0.95","1.14","0.00","0.07"
"","Jozy Altidore","NER","2022","ST","359","9","2","1","1.02","-0.24","-0.02","2","0","0.10","-0.10","1.12","0.20","0.27"
"","Adalberto Carrasquilla","HOU","2022","DM","778","7","1","0","0.41","-0.18","-0.41","8","0","0.70","-0.70","1.11","0.00","0.26"
"","Daniel Lovitz","NSH","2022","FB","770","6","2","0","0.72","-0.42","-0.72","8","0","0.39","-0.39","1.11","0.00","0.65"
"","Lucas Esteves","COL","2022","FB","707","8","2","0","0.27","-0.17","-0.27","6","2","0.84","1.16","1.11","0.00","0.27"
"","Tommy Thompson","SJE","2022","FB","205","4","2","1","1.08","-0.13","-0.08","1","0","0.03","-0.03","1.10","0.92","0.94"
"","Alan Steven Franco","CLT","2022","W","766","7","1","0","0.55","-0.49","-0.55","6","1","0.55","0.45","1.10","0.00","0.43"
"","Roger Espinoza","SKC","2022","CM","882","15","6","1","0.91","0.98","0.09","4","0","0.18","-0.18","1.09","0.85","0.69"
"","Matt Polster","NER","2022","DM","890","9","5","1","0.91","0.93","0.09","2","0","0.18","-0.18","1.09","0.02","0.30"
"","Frankie Amaya","NYRB","2022","CM","833","4","1","0","0.16","-0.02","-0.16","13","2","0.92","1.08","1.08","0.00","0.14"
"","Yuya Kubo","CIN","2022","CM","721","8","1","0","0.60","-0.59","-0.60","8","0","0.46","-0.46","1.06","0.00","0.23"
"","Jack Price","COL","2022","CM","716","0","0","0","0.00","0.00","0.00","16","0","1.06","-1.06","1.06","0.00","0.00"
"","Marco Delgado","LAG","2022","CM","846","2","1","1","0.09","0.26","0.91","12","0","0.96","-0.96","1.05","0.53","0.07"
"","Kellyn Acosta","LAFC","2022","CM","884","15","4","1","0.63","0.69","0.37","10","0","0.39","-0.39","1.03","1.01","0.47"
"","João Moutinho","ORL","2022","FB","1086","8","3","2","0.66","0.28","1.34","5","0","0.35","-0.35","1.01","1.65","0.63"
"","Brian Gutierrez","CHI","2022","W","448","8","2","0","0.54","-0.25","-0.54","5","1","0.47","0.53","1.01","0.00","0.42"
"","Danny Hoesen","ATX","2022","ST","93","4","1","1","1.00","-0.25","-0.00","0","0","0.00","0.00","1.00","1.03","1.05"
"","Bryce Duke","MIA","2022","CM","259","2","1","1","0.71","-0.12","0.29","6","0","0.28","-0.28","0.99","0.58","0.42"
"","Tyler Pasher","HOU","2022","W","430","8","2","1","0.71","-0.37","0.29","3","1","0.27","0.73","0.98","1.71","0.67"
"","Caden Clark","NYRB","2022","W","110","1","0","0","0.11","-0.11","-0.11","2","1","0.86","0.14","0.97","0.00","0.04"
"","Nigel Robertha","DCU","2022","ST","279","5","2","0","0.59","-0.37","-0.59","3","1","0.37","0.63","0.96","0.00","0.35"
"","Jackson Yueill","SJE","2022","DM","994","4","1","1","0.53","0.22","0.47","8","0","0.43","-0.43","0.96","1.03","0.54"
"","Rafael Czichos","CHI","2022","CB","675","5","1","0","0.46","0.19","-0.46","1","0","0.48","-0.48","0.94","0.00","0.36"
"","Jayden Nelson","TOR","2022","W","587","11","5","1","0.58","-0.27","0.42","6","0","0.36","-0.36","0.94","1.41","0.43"
"","Noble Okello","TOR","2022","DM","176","5","2","0","0.89","-0.17","-0.89","1","0","0.05","-0.05","0.93","0.00","1.11"
"","Steven Moreira","CLB","2022","FB","814","4","0","0","0.12","-0.12","-0.12","8","1","0.81","0.19","0.93","0.00","0.10"
"","Artur","CLB","2022","DM","892","15","3","0","0.61","-0.47","-0.61","6","0","0.32","-0.32","0.93","0.00","0.47"
"","Leonardo Chú","SEA","2022","W","324","8","1","0","0.85","-0.72","-0.85","2","0","0.07","-0.07","0.92","0.00","0.57"
"","Will Bruin","SEA","2022","ST","276","5","2","1","0.75","0.32","0.25","3","0","0.16","-0.16","0.91","0.56","0.46"
"","Ruan","ORL","2022","FB","892","2","2","1","0.18","0.20","0.82","6","1","0.72","0.28","0.91","0.41","0.11"
"","Boris Sekulic","CHI","2022","FB","949","4","1","0","0.40","-0.24","-0.40","8","0","0.51","-0.51","0.90","0.00","0.31"
"","Jack Elliott","PHI","2022","CB","1001","8","1","0","0.65","-0.60","-0.65","1","0","0.25","-0.25","0.90","0.00","0.38"
"","Tate Schmitt","RSL","2022","FB","783","7","3","2","0.32","0.36","1.68","4","0","0.58","-0.58","0.89","0.44","0.17"
"","Nikola Vujnovic","SKC","2022","ST","332","5","3","0","0.63","-0.18","-0.63","4","0","0.26","-0.26","0.89","0.00","0.16"
"","Felipe Hernandez","SKC","2022","CM","534","6","1","0","0.18","-0.16","-0.18","7","1","0.70","0.30","0.88","0.00","0.17"
"","Tosaint Ricketts","VAN","2022","ST","63","3","1","1","0.88","-0.04","0.12","0","0","0.00","0.00","0.88","0.20","0.15"
"","Robert Taylor","MIA","2022","CM","684","11","3","0","0.63","0.09","-0.63","6","0","0.24","-0.24","0.87","0.00","0.30"
"","Tyler Blackett","CIN","2022","CB","824","4","1","0","0.36","-0.33","-0.36","2","0","0.48","-0.48","0.84","0.00","0.07"
"","Paxton Pomykal","FCD","2022","CM","857","2","0","0","0.12","-0.12","-0.12","8","0","0.71","-0.71","0.84","0.00","0.08"
"","Ifunanyachi Achara","TOR","2022","W","257","5","4","0","0.74","-0.29","-0.74","2","0","0.09","-0.09","0.83","0.00","0.37"
"","Paul Marie","SJE","2022","FB","702","4","0","0","0.44","-0.44","-0.44","10","0","0.39","-0.39","0.82","0.00","0.29"
"","Benji Michel","ORL","2022","W","621","8","2","1","0.71","-0.18","0.29","3","0","0.11","-0.11","0.82","0.19","0.37"
"","Cade Cowell","SJE","2022","W","550","8","1","1","0.50","-0.18","0.50","4","1","0.31","0.69","0.81","1.04","0.39"
"","Héctor Jiménez","ATX","2022","FB","158","0","0","0","0.00","0.00","0.00","5","2","0.81","1.19","0.81","0.00","0.00"
"","Pedro Santos","CLB","2022","FB","993","11","1","1","0.36","0.16","0.64","8","0","0.45","-0.45","0.81","0.43","0.27"
"","Nnamdi Chinonso Offor","CHI","2022","W","207","4","1","1","0.74","-0.04","0.26","1","0","0.06","-0.06","0.80","0.79","0.41"
"","Pedro Vite","VAN","2022","AM","343","0","0","0","0.00","0.00","0.00","9","0","0.80","-0.80","0.80","0.00","0.00"
"","Lalas Abubakar","COL","2022","CB","925","5","1","1","0.68","-0.05","0.32","2","0","0.11","-0.11","0.79","0.90","0.54"
"","Sean Nealis","NYRB","2022","CB","998","8","4","0","0.79","0.32","-0.79","0","0","0.00","0.00","0.79","0.00","0.48"
"","Facundo Quignón","FCD","2022","DM","435","5","2","1","0.75","0.52","0.25","1","0","0.03","-0.03","0.78","0.14","0.25"
"","Nick Hagglund","CIN","2022","CB","809","5","1","0","0.49","-0.47","-0.49","3","1","0.28","0.72","0.77","0.00","0.36"
"","Albert Rusnák","SEA","2022","AM","565","6","2","0","0.38","-0.29","-0.38","8","0","0.39","-0.39","0.77","0.00","0.37"
"","Tristan Blackmon","VAN","2022","CB","696","4","1","1","0.70","0.02","0.30","1","0","0.05","-0.05","0.75","0.61","0.48"
"","Jaylin Lindsey","CLT","2022","FB","1060","4","2","0","0.16","-0.07","-0.16","9","0","0.57","-0.57","0.73","0.00","0.16"
"","Dru Yearwood","NYRB","2022","CM","681","6","3","0","0.26","0.20","-0.26","3","0","0.47","-0.47","0.73","0.00","0.22"
"","Zan Kolmanic","ATX","2022","FB","569","2","0","0","0.04","-0.04","-0.04","6","2","0.68","1.32","0.71","0.00","0.02"
"","Orrin McKinze Gaines II","CLT","2022","W","241","5","3","0","0.52","-0.18","-0.52","1","0","0.19","-0.19","0.71","0.00","0.39"
"","Alex Roldan","SEA","2022","FB","631","3","1","0","0.10","0.07","-0.10","7","1","0.61","0.39","0.71","0.00","0.09"
"","Ryan Raposo","VAN","2022","FB","314","2","1","1","0.40","0.46","0.60","7","0","0.31","-0.31","0.71","0.60","0.25"
"","Marvin Loría","POR","2022","W","295","4","1","0","0.43","-0.36","-0.43","4","0","0.28","-0.28","0.71","0.00","0.49"
"","Allan Cruz","CIN","2022","CM","94","3","2","0","0.45","-0.33","-0.45","1","0","0.25","-0.25","0.70","0.00","0.36"
"","Graham Zusi","SKC","2022","FB","904","6","2","0","0.25","-0.20","-0.25","6","0","0.45","-0.45","0.70","0.00","0.10"
"","Ronald Matarrita","CIN","2022","FB","189","2","1","1","0.11","0.25","0.89","3","2","0.59","1.41","0.69","0.41","0.04"
"","Nathan","SJE","2022","CB","323","5","2","1","0.62","0.71","0.38","2","0","0.07","-0.07","0.68","0.53","0.29"
"","Memo Rodríguez","HOU","2022","CM","453","7","2","0","0.38","-0.09","-0.38","2","1","0.30","0.70","0.68","0.00","0.19"
"","Max","COL","2022","W","300","6","2","0","0.60","-0.52","-0.60","2","0","0.08","-0.08","0.68","0.00","0.42"
"","Yordy Reyna","CLT","2022","W","255","5","3","0","0.59","0.28","-0.59","1","1","0.08","0.92","0.67","0.00","0.03"
"","Latif Blessing","LAFC","2022","CM","472","4","0","0","0.32","-0.32","-0.32","6","0","0.35","-0.35","0.66","0.00","0.19"
"","Álvaro Barreal","CIN","2022","W","367","4","1","0","0.14","0.19","-0.14","4","0","0.52","-0.52","0.66","0.00","0.08"
"","Ruben Gabrielsen","ATX","2022","CB","869","6","2","1","0.50","0.01","0.50","1","0","0.16","-0.16","0.66","0.14","0.27"
"","Alexandru Matan","CLB","2022","W","55","3","1","0","0.66","-0.32","-0.66","0","0","0.00","0.00","0.66","0.00","0.62"
"","Cristián Gutiérrez","VAN","2022","FB","396","2","0","0","0.10","-0.10","-0.10","5","0","0.55","-0.55","0.65","0.00","0.09"
"","Marcelo Silva","RSL","2022","CB","966","11","3","1","0.59","-0.12","0.41","2","0","0.06","-0.06","0.65","0.66","0.44"
"","Aníbal Godoy","NSH","2022","CM","571","2","1","1","0.42","0.16","0.58","2","1","0.23","0.77","0.65","0.31","0.17"
"","Rodrigo Schlegel","ORL","2022","CB","727","3","1","1","0.62","0.22","0.38","1","0","0.02","-0.02","0.65","0.56","0.34"
"","Javain Brown","VAN","2022","FB","644","3","0","0","0.19","-0.19","-0.19","8","0","0.45","-0.45","0.65","0.00","0.17"
"","Griffin Yow","DCU","2022","AM","256","5","2","0","0.37","-0.29","-0.37","3","0","0.27","-0.27","0.64","0.00","0.14"
"","Adam Lundkvist","HOU","2022","FB","994","4","2","0","0.14","0.30","-0.14","7","3","0.50","2.50","0.64","0.00","0.10"
"","Christopher Gloster","NYC","2022","FB","247","1","1","1","0.05","0.05","0.95","7","0","0.59","-0.59","0.64","0.00","0.00"
"","Sega Coulibaly","LAG","2022","CB","789","5","1","1","0.64","-0.18","0.36","0","0","0.00","0.00","0.64","0.27","0.60"
"","Ryan Hollingshead","LAFC","2022","FB","724","7","4","3","0.50","1.20","2.50","4","0","0.14","-0.14","0.64","0.88","0.20"
"","Justin Rennicks","NER","2022","ST","329","6","2","1","0.63","-0.15","0.37","0","0","0.00","0.00","0.63","0.52","0.25"
"","Sergio Ruiz","CLT","2022","CM","361","4","1","0","0.20","-0.15","-0.20","8","1","0.43","0.57","0.62","0.00","0.12"
"","Raymon Gaddis","CIN","2022","FB","385","0","0","0","0.00","0.00","0.00","2","0","0.62","-0.62","0.62","0.00","0.00"
"","Jhon Durán","CHI","2022","ST","173","5","2","0","0.61","0.30","-0.61","0","0","0.00","0.00","0.61","0.00","0.45"
"","Matko Miljevic","MTL","2022","CM","235","7","1","0","0.38","-0.14","-0.38","3","0","0.23","-0.23","0.61","0.00","0.39"
"","Alvas Powell","CIN","2022","FB","771","9","4","0","0.42","0.18","-0.42","3","1","0.18","0.81","0.60","0.00","0.25"
"","Franco Escobar","LAFC","2022","FB","287","2","1","1","0.20","0.03","0.80","5","0","0.40","-0.40","0.60","1.43","0.24"
"","Kervin Arriaga","MIN","2022","DM","779","10","2","1","0.49","0.14","0.51","3","0","0.11","-0.11","0.60","0.01","0.36"
"","Andres Jasson","NYC","2022","FB","244","3","0","0","0.12","-0.12","-0.12","1","1","0.48","0.52","0.60","0.00","0.03"
"","Teenage Hadebe","HOU","2022","CB","577","4","1","1","0.18","0.27","0.82","2","0","0.41","-0.41","0.60","0.48","0.10"
"","Ismael Tajouri-Shradi","LAFC","2022","W","193","4","2","2","0.43","0.18","1.57","5","0","0.15","-0.15","0.58","0.45","0.23"
"","Fabian Herbers","CHI","2022","W","380","6","2","0","0.33","-0.07","-0.33","5","1","0.25","0.75","0.58","0.00","0.24"
"","Gastón Giménez","CHI","2022","DM","807","10","2","0","0.34","-0.21","-0.34","6","1","0.23","0.77","0.57","0.00","0.27"
"","Jhon Espinoza","CHI","2022","FB","204","2","0","0","0.14","-0.14","-0.14","3","0","0.43","-0.43","0.57","0.00","0.17"
"","Justen Glad","RSL","2022","CB","660","4","2","1","0.49","0.39","0.51","1","0","0.08","-0.08","0.56","1.74","0.74"
"","Thomas Edwards","NYRB","2022","CB","789","5","0","0","0.22","-0.22","-0.22","6","0","0.33","-0.33","0.55","0.00","0.19"
"","James Igbekeme","CLB","2022","W","409","6","0","0","0.29","-0.29","-0.29","4","0","0.26","-0.26","0.55","0.00","0.15"
"","Kieran Gibbs","MIA","2022","FB","156","2","2","0","0.32","-0.02","-0.32","2","0","0.23","-0.23","0.55","0.00","0.32"
"","Julian Araujo","LAG","2022","FB","879","2","0","0","0.06","-0.06","-0.06","13","0","0.48","-0.48","0.55","0.00","0.06"
"","Héber","NYC","2022","ST","210","4","2","1","0.54","0.23","0.46","0","0","0.00","0.00","0.54","0.99","0.47"
"","Lukas MacNaughton","TOR","2022","CB","581","4","1","0","0.50","-0.48","-0.50","1","0","0.04","-0.04","0.54","0.00","0.35"
"","Andreu Fontàs","SKC","2022","CB","758","5","1","0","0.43","-0.37","-0.43","1","0","0.11","-0.11","0.54","0.00","0.23"
"","Rida Zouhir","MTL","2022","CM","132","4","0","0","0.08","-0.08","-0.08","2","0","0.46","-0.46","0.54","0.00","0.05"
"","Auston Trusty","COL","2022","CB","991","3","0","0","0.09","-0.09","-0.09","2","0","0.45","-0.45","0.54","0.00","0.09"
"","Cameron Duke","SKC","2022","CM","425","3","0","0","0.36","-0.36","-0.36","1","1","0.18","0.82","0.54","0.00","0.17"
"","Andrew Brody","RSL","2022","FB","1006","1","0","0","0.02","-0.02","-0.02","6","0","0.52","-0.52","0.53","0.00","0.00"
"","Russell Canouse","DCU","2022","CM","601","4","2","1","0.53","0.30","0.47","0","0","0.00","0.00","0.53","0.50","0.22"
"","João Paulo","SEA","2022","DM","489","6","1","1","0.39","-0.05","0.61","4","0","0.14","-0.14","0.53","0.53","0.25"
"","César Araujo","ORL","2022","DM","942","8","1","0","0.44","-0.43","-0.44","4","0","0.09","-0.09","0.53","0.00","0.29"
"","Kosi Thompson","TOR","2022","FB","624","4","1","1","0.30","0.40","0.70","3","1","0.22","0.78","0.53","0.67","0.20"
"","Jakob Glesnes","PHI","2022","CB","1001","4","2","0","0.14","0.20","-0.14","2","1","0.38","0.62","0.52","0.00","0.09"
"","Tesho Akindele","ORL","2022","W","195","2","0","0","0.15","-0.15","-0.15","2","0","0.37","-0.37","0.52","0.00","0.10"
"","Brent Kallman","MIN","2022","CB","408","2","0","0","0.11","-0.11","-0.11","1","0","0.41","-0.41","0.52","0.00","0.07"
"","Erik Holt","RSL","2022","CB","430","6","1","0","0.42","0.17","-0.42","1","0","0.10","-0.10","0.52","0.00","0.32"
"","Tayvon Gray","NYC","2022","FB","563","4","1","0","0.14","0.01","-0.14","3","0","0.38","-0.38","0.52","0.00","0.12"
"","Michael Boxall","MIN","2022","CB","973","4","0","0","0.51","-0.51","-0.51","0","0","0.00","0.00","0.51","0.00","0.44"
"","Gregore","MIA","2022","DM","890","4","1","0","0.33","-0.19","-0.33","9","0","0.18","-0.18","0.51","0.00","0.27"
"","Andy Najar","DCU","2022","CB","476","3","2","0","0.14","0.12","-0.14","5","1","0.37","0.63","0.51","0.00","0.06"
"","José Van Rankin","POR","2022","FB","814","4","0","0","0.25","-0.25","-0.25","4","0","0.25","-0.25","0.51","0.00","0.21"
"","Omar González","NER","2022","CB","445","4","2","0","0.51","0.14","-0.51","0","0","0.00","0.00","0.51","0.00","0.71"
"","Adrien Hunou","MIN","2022","ST","101","2","1","0","0.48","-0.02","-0.48","1","0","0.02","-0.02","0.50","0.00","0.54"
"","Guzmán Corujo","CLT","2022","CB","1084","7","2","0","0.33","0.18","-0.33","2","0","0.17","-0.17","0.50","0.00","0.29"
"","Obed Vargas","SEA","2022","DM","539","2","0","0","0.14","-0.14","-0.14","6","0","0.36","-0.36","0.50","0.00","0.02"
"","Bakaye Dibassy","MIN","2022","CB","874","7","2","1","0.43","0.27","0.57","1","0","0.07","-0.07","0.50","0.64","0.32"
"","Matheus Rossetto","ATL","2022","CM","626","8","3","0","0.38","-0.13","-0.38","3","0","0.11","-0.11","0.49","0.00","0.21"
"","Sofiane Djeffal","DCU","2022","CM","479","6","0","0","0.24","-0.24","-0.24","3","0","0.25","-0.25","0.49","0.00","0.20"
"","Deandre Kerr","TOR","2022","W","315","5","2","1","0.49","0.26","0.51","0","0","0.00","0.00","0.49","0.05","0.14"
"","Darwin Cerén","HOU","2022","CM","223","1","1","0","0.02","0.01","-0.02","3","0","0.47","-0.47","0.48","0.00","0.02"
"","Carlos Salcedo","TOR","2022","CB","731","1","0","0","0.06","-0.06","-0.06","2","0","0.41","-0.41","0.47","0.00","0.02"
"","Danny Wilson","COL","2022","CB","444","4","1","0","0.47","-0.39","-0.47","0","0","0.00","0.00","0.47","0.00","0.43"
"","George Campbell","ATL","2022","CB","712","3","1","0","0.30","-0.25","-0.30","2","0","0.17","-0.17","0.47","0.00","0.24"
"","Jahkeele Marshall-Rutty","TOR","2022","FB","219","1","0","0","0.02","-0.02","-0.02","1","0","0.45","-0.45","0.47","0.00","0.03"
"","Jonathan Menéndez","RSL","2022","ST","130","4","1","0","0.45","-0.25","-0.45","0","0","0.00","0.00","0.45","0.00","0.36"
"","Alfredo Morales","NYC","2022","DM","717","4","1","0","0.14","-0.12","-0.14","3","1","0.31","0.69","0.45","0.00","0.08"
"","Henry Kessler","NER","2022","CB","499","5","0","0","0.45","-0.45","-0.45","0","0","0.00","0.00","0.45","0.00","0.41"
"","Milos Degenek","CLB","2022","CB","758","6","0","0","0.39","-0.39","-0.39","2","0","0.06","-0.06","0.44","0.00","0.32"
"","Ben Sweat","SKC","2022","FB","377","2","1","0","0.14","0.02","-0.14","2","1","0.30","0.70","0.44","0.00","0.08"
"","Raúl Ruidíaz","SEA","2022","ST","162","7","3","0","0.44","-0.22","-0.44","0","0","0.00","0.00","0.44","0.00","0.17"
"","Jonathan Mensah","CLB","2022","CB","993","7","2","0","0.37","0.24","-0.37","1","0","0.06","-0.06","0.43","0.00","0.26"
"","Nathan Harriel","PHI","2022","FB","900","4","1","0","0.26","0.30","-0.26","3","0","0.17","-0.17","0.43","0.00","0.13"
"","Adam Armour","CLT","2022","W","109","3","2","1","0.12","0.40","0.88","3","0","0.31","-0.31","0.43","1.27","0.06"
"","Jonathan Bornstein","CHI","2022","W","269","3","1","1","0.17","-0.09","0.83","4","0","0.26","-0.26","0.43","0.04","0.05"
"","Marinos Tzionis","SKC","2022","W","355","6","1","0","0.34","-0.32","-0.34","3","0","0.08","-0.08","0.42","0.00","0.30"
"","Javier López","SJE","2022","FB","233","2","1","1","0.13","0.19","0.87","2","0","0.29","-0.29","0.42","1.15","0.13"
"","Matías Vera","HOU","2022","DM","807","7","1","0","0.31","-0.13","-0.31","3","0","0.11","-0.11","0.42","0.00","0.11"
"","Wyatt Omsberg","CHI","2022","CB","983","5","2","0","0.27","-0.18","-0.27","2","0","0.14","-0.14","0.41","0.00","0.28"
"","Shane O'Neill","TOR","2022","CB","1004","0","0","0","0.00","0.00","0.00","2","1","0.41","0.59","0.41","0.00","0.00"
"","Teal Bunbury","NSH","2022","ST","137","3","1","0","0.41","-0.24","-0.41","0","0","0.00","0.00","0.41","0.00","0.41"
"","Miguel Ángel Navarro","CHI","2022","FB","883","4","0","0","0.08","-0.08","-0.08","7","0","0.33","-0.33","0.41","0.00","0.04"
"","Indiana Vassilev","MIA","2022","W","62","3","2","0","0.41","-0.04","-0.41","0","0","0.00","0.00","0.41","0.00","0.38"
"","Marco Farfan","FCD","2022","FB","955","2","2","0","0.25","0.34","-0.25","2","1","0.15","0.85","0.40","0.00","0.08"
"","Russell Teibert","VAN","2022","CM","806","2","0","0","0.06","-0.06","-0.06","3","0","0.33","-0.33","0.39","0.00","0.06"
"","Jackson Hopkins","DCU","2022","CM","152","1","0","0","0.09","-0.09","-0.09","2","0","0.30","-0.30","0.39","0.00","0.05"
"","Damian Rivera","NER","2022","ST","203","3","2","1","0.39","0.16","0.61","0","0","0.00","0.00","0.39","0.35","0.18"
"","Jordan Perruzza","TOR","2022","ST","183","6","1","0","0.31","0.24","-0.31","2","0","0.08","-0.08","0.39","0.00","0.17"
"","Ian Murphy","CIN","2022","CB","534","1","1","1","0.16","0.43","0.84","1","0","0.22","-0.22","0.38","0.64","0.10"
"","Marcos López","SJE","2022","FB","705","6","0","0","0.17","-0.17","-0.17","4","0","0.21","-0.21","0.38","0.00","0.14"
"","Rudy Camacho","MTL","2022","CB","798","2","1","1","0.34","0.15","0.66","1","0","0.03","-0.03","0.38","1.32","0.37"
"","Gustavo Bou","NER","2022","ST","182","8","2","0","0.36","-0.24","-0.36","1","0","0.01","-0.01","0.37","0.00","0.19"
"","Nicolas Isimat-Mirin","SKC","2022","CB","786","2","2","0","0.17","0.17","-0.17","3","0","0.20","-0.20","0.37","0.00","0.05"
"","Dejan Joveljic","LAG","2022","ST","136","3","1","1","0.14","0.38","0.86","3","0","0.22","-0.22","0.36","0.18","0.02"
"","Erik Hurtado","CLB","2022","CM","12","1","1","1","0.36","0.11","0.64","0","0","0.00","0.00","0.36","1.76","0.64"
"","Xavier Arreaga","SEA","2022","CB","625","5","3","1","0.35","0.51","0.65","0","0","0.00","0.00","0.35","0.60","0.24"
"","Griffin Dorsey","HOU","2022","FB","738","1","0","0","0.07","-0.07","-0.07","2","0","0.28","-0.28","0.34","0.00","0.00"
"","Tyler Wolff","ATL","2022","W","266","4","2","0","0.18","-0.01","-0.18","2","0","0.15","-0.15","0.33","0.00","0.10"
"","Matt Hedges","FCD","2022","CB","844","3","1","0","0.15","0.16","-0.15","2","0","0.18","-0.18","0.33","0.00","0.08"
"","Reed Baker-Whiting","SEA","2022","AM","95","2","2","0","0.16","0.30","-0.16","2","0","0.16","-0.16","0.32","0.00","0.14"
"","Moussa Djitté","ATX","2022","ST","122","4","2","0","0.32","0.94","-0.32","0","0","0.00","0.00","0.32","0.00","0.24"
"","Tim Parker","HOU","2022","CB","705","1","0","0","0.32","-0.32","-0.32","0","0","0.00","0.00","0.32","0.00","0.20"
"","Sean Davis","NSH","2022","CM","942","2","0","0","0.16","-0.16","-0.16","4","0","0.15","-0.15","0.31","0.00","0.14"
"","Santiago Sosa","ATL","2022","DM","349","3","1","0","0.06","0.03","-0.06","6","0","0.25","-0.25","0.31","0.00","0.05"
"","Chris Durkin","DCU","2022","CM","382","2","0","0","0.31","-0.31","-0.31","0","0","0.00","0.00","0.31","0.00","0.13"
"","Eric Remedi","SJE","2022","DM","545","3","1","0","0.07","0.14","-0.07","4","0","0.23","-0.23","0.30","0.00","0.06"
"","Ousseni Bouda","SJE","2022","W","115","4","1","0","0.28","-0.25","-0.28","1","0","0.02","-0.02","0.30","0.00","0.10"
"","José Antonio Martínez","FCD","2022","CB","971","4","1","0","0.22","0.08","-0.22","1","0","0.08","-0.08","0.30","0.00","0.14"
"","Olivier Mbaizo","PHI","2022","FB","122","1","0","0","0.01","-0.01","-0.01","2","0","0.29","-0.29","0.30","0.00","0.01"
"","Amar Sejdic","ATL","2022","CM","431","3","0","0","0.10","-0.10","-0.10","3","0","0.20","-0.20","0.30","0.00","0.07"
"","Alan Franco","ATL","2022","CB","607","3","0","0","0.29","-0.29","-0.29","0","0","0.00","0.00","0.29","0.00","0.29"
"","David Ayala","POR","2022","DM","204","5","1","0","0.23","0.19","-0.23","1","0","0.06","-0.06","0.28","0.00","0.23"
"","Dylan Nealis","NYRB","2022","FB","494","1","0","0","0.12","-0.12","-0.12","3","1","0.16","0.84","0.28","0.00","0.06"
"","Zorhan Ludovic Bassong","MTL","2022","FB","118","0","0","0","0.00","0.00","0.00","1","0","0.28","-0.28","0.28","0.00","0.00"
"","Joseph Mora","CLT","2022","FB","646","3","0","0","0.07","-0.07","-0.07","3","0","0.21","-0.21","0.28","0.00","0.03"
"","Felipe","ATX","2022","AM","138","2","1","0","0.27","-0.02","-0.27","0","0","0.00","0.00","0.27","0.00","0.05"
"","Leon Flach","PHI","2022","CM","904","2","2","0","0.09","0.05","-0.09","4","0","0.18","-0.18","0.27","0.00","0.07"
"","Edison Azcona","MIA","2022","W","22","0","0","0","0.00","0.00","0.00","1","0","0.26","-0.26","0.26","0.00","0.00"
"","Ibrahim Sunusi","MTL","2022","AM","193","2","1","0","0.19","-0.13","-0.19","2","0","0.07","-0.07","0.26","0.00","0.13"
"","Claudio Bravo","POR","2022","FB","770","10","0","0","0.22","-0.22","-0.22","1","0","0.04","-0.04","0.26","0.00","0.12"
"","Oriol Rosell","SKC","2022","DM","323","2","0","0","0.25","-0.25","-0.25","0","0","0.00","0.00","0.25","0.00","0.21"
"","Aké Arnaud Loba","NSH","2022","ST","184","1","0","0","0.04","-0.04","-0.04","2","0","0.21","-0.21","0.25","0.00","0.04"
"","Geoff Cameron","CIN","2022","CB","689","1","1","0","0.22","-0.11","-0.22","1","0","0.02","-0.02","0.25","0.00","0.22"
"","Jackson Conway","ATL","2022","ST","52","3","0","0","0.23","-0.23","-0.23","1","0","0.02","-0.02","0.24","0.00","0.31"
"","Isaac Atanga","CIN","2022","FB","51","0","0","0","0.00","0.00","0.00","1","0","0.24","-0.24","0.24","0.00","0.00"
"","Maxime Chanot","NYC","2022","CB","209","3","0","0","0.24","-0.24","-0.24","0","0","0.00","0.00","0.24","0.00","0.32"
"","Christopher McVey","MIA","2022","CB","990","4","1","0","0.24","-0.14","-0.24","0","0","0.00","0.00","0.24","0.00","0.07"
"","Danny Leyva","SEA","2022","DM","97","0","0","0","0.00","0.00","0.00","2","0","0.24","-0.24","0.24","0.00","0.00"
"","Kortne Ford","SKC","2022","CB","415","1","0","0","0.07","-0.07","-0.07","2","0","0.17","-0.17","0.24","0.00","0.05"
"","Ema Twumasi","FCD","2022","FB","593","1","0","0","0.03","-0.03","-0.03","2","1","0.20","0.80","0.23","0.00","0.00"
"","Carlos Terán","CHI","2022","CB","105","1","0","0","0.23","-0.23","-0.23","0","0","0.00","0.00","0.23","0.00","0.05"
"","Edwin Cerrillo","FCD","2022","DM","634","1","0","0","0.07","-0.07","-0.07","2","0","0.16","-0.16","0.23","0.00","0.07"
"","Jacob Shaffelburg","TOR","2022","FB","566","5","0","0","0.12","-0.12","-0.12","1","1","0.11","0.89","0.23","0.00","0.08"
"","Kadin Chung","TOR","2022","FB","495","1","0","0","0.03","-0.03","-0.03","3","1","0.20","0.80","0.23","0.00","0.03"
"","Jhegson Méndez","ORL","2022","DM","328","0","0","0","0.00","0.00","0.00","2","0","0.23","-0.23","0.23","0.00","0.00"
"","Jake Mulraney","ATL, ORL","2022","W","262","3","1","1","0.17","-0.02","0.83","1","0","0.06","-0.06","0.22","0.09","0.11"
"","Logan Ndenbe","SKC","2022","FB","699","5","0","0","0.08","-0.08","-0.08","3","0","0.14","-0.14","0.22","0.00","0.07"
"","Justin Rasmussen","POR","2022","FB","375","2","0","0","0.14","-0.14","-0.14","3","0","0.08","-0.08","0.22","0.00","0.08"
"","Wil Trapp","MIN","2022","DM","702","2","0","0","0.04","-0.04","-0.04","2","0","0.18","-0.18","0.22","0.00","0.03"
"","Kemar Lawrence","MIN","2022","FB","486","2","0","0","0.11","-0.11","-0.11","2","0","0.11","-0.11","0.22","0.00","0.09"
"","Joseph Rosales","MIN","2022","CM","253","5","3","0","0.21","-0.13","-0.21","0","0","0.00","0.00","0.21","0.00","0.15"
"","Joshua Atencio","SEA","2022","CM","122","3","0","0","0.12","-0.12","-0.12","2","0","0.09","-0.09","0.21","0.00","0.08"
"","Nicolás Mezquida","COL","2022","W","85","1","1","0","0.04","0.09","-0.04","1","0","0.17","-0.17","0.21","0.00","0.04"
"","Taylor Washington","NSH","2022","FB","223","0","0","0","0.00","0.00","0.00","2","1","0.21","0.79","0.21","0.00","0.00"
"","Miles Robinson","ATL","2022","CB","717","3","0","0","0.18","-0.18","-0.18","1","0","0.02","-0.02","0.21","0.00","0.13"
"","Sebastian Berhalter","VAN","2022","CM","535","4","1","0","0.08","0.23","-0.08","4","0","0.12","-0.12","0.20","0.00","0.03"
"","Donovan Pines","DCU","2022","CB","331","2","0","0","0.11","-0.11","-0.11","1","0","0.09","-0.09","0.20","0.00","0.06"
"","Ranko Veselinovic","VAN","2022","CB","878","3","0","0","0.13","-0.13","-0.13","1","0","0.08","-0.08","0.20","0.00","0.10"
"","Brendan Hines-Ike","DCU","2022","CB","916","3","0","0","0.12","-0.12","-0.12","3","0","0.08","-0.08","0.20","0.00","0.06"
"","Adrien Pérez","DCU","2022","AM","151","1","1","0","0.18","0.41","-0.18","1","0","0.02","-0.02","0.20","0.00","0.13"
"","Tommy McNamara","NER","2022","CM","701","5","2","0","0.14","0.06","-0.14","2","0","0.06","-0.06","0.20","0.00","0.10"
"","Diego Chara","POR","2022","CM","831","0","0","0","0.00","0.00","0.00","4","0","0.19","-0.19","0.19","0.00","0.00"
"","José Andrés Martínez","PHI","2022","DM","983","10","1","0","0.19","-0.18","-0.19","0","0","0.00","0.00","0.19","0.00","0.12"
"","Bryan Acosta","COL","2022","DM","332","3","0","0","0.13","-0.13","-0.13","1","0","0.05","-0.05","0.19","0.00","0.16"
"","Harrison Robledo","CIN","2022","CM","58","0","0","0","0.00","0.00","0.00","1","0","0.18","-0.18","0.18","0.00","0.00"
"","Nicolás Acevedo","NYC","2022","DM","555","6","1","0","0.18","-0.05","-0.18","0","0","0.00","0.00","0.18","0.00","0.06"
"","Siad Haji","SJE","2022","CB","25","0","0","0","0.00","0.00","0.00","2","0","0.18","-0.18","0.18","0.00","0.00"
"","Federico Navarro","CHI","2022","DM","544","2","0","0","0.03","-0.03","-0.03","2","0","0.14","-0.14","0.17","0.00","0.03"
"","Jackson Ragen","SEA","2022","CB","535","0","0","0","0.00","0.00","0.00","1","0","0.17","-0.17","0.17","0.00","0.00"
"","Benjamin Kikanovic","SJE","2022","W","276","2","0","0","0.16","-0.16","-0.16","0","0","0.00","0.00","0.16","0.00","0.11"
"","Arnór Ingvi Traustason","NER","2022","W","156","2","1","0","0.05","-0.02","-0.05","1","0","0.11","-0.11","0.15","0.00","0.03"
"","Nicholas DePuy","LAG","2022","CB","523","5","0","0","0.15","-0.15","-0.15","0","0","0.00","0.00","0.15","0.00","0.15"
"","Ethan Bartlow","HOU","2022","CB","318","0","0","0","0.00","0.00","0.00","1","0","0.15","-0.15","0.15","0.00","0.00"
"","Gabriele Corbo","MTL","2022","CB","173","1","0","0","0.14","-0.14","-0.14","0","0","0.00","0.00","0.14","0.00","0.12"
"","Kelyn Rowe","SEA","2022","FB","395","4","1","0","0.14","-0.13","-0.14","0","0","0.00","0.00","0.14","0.00","0.17"
"","Kyle Smith","ORL","2022","FB","212","2","1","0","0.04","-0.01","-0.04","2","0","0.10","-0.10","0.14","0.00","0.01"
"","Derrick Williams","LAG","2022","CB","587","2","0","0","0.06","-0.06","-0.06","1","1","0.08","0.92","0.14","0.00","0.05"
"","Niko Hansen","MIN","2022","W","33","1","0","0","0.14","-0.14","-0.14","0","0","0.00","0.00","0.14","0.00","0.14"
"","Oniel Fisher","MIN","2022","FB","515","0","0","0","0.00","0.00","0.00","1","0","0.14","-0.14","0.14","0.00","0.00"
"","Paxten Aaronson","PHI","2022","ST","77","1","0","0","0.04","-0.04","-0.04","1","0","0.10","-0.10","0.14","0.00","0.05"
"","Everton Luiz","RSL","2022","CM","436","0","0","0","0.00","0.00","0.00","2","0","0.13","-0.13","0.13","0.00","0.00"
"","Luke Haakenson","NSH","2022","AM","48","0","0","0","0.00","0.00","0.00","1","1","0.13","0.87","0.13","0.00","0.00"
"","Antônio Carlos","ORL","2022","CB","514","4","1","0","0.13","0.01","-0.13","0","0","0.00","0.00","0.13","0.00","0.11"
"","Josh Williams","CLB","2022","CB","239","1","0","0","0.06","-0.06","-0.06","1","1","0.07","0.93","0.13","0.00","0.03"
"","Damion Lowe","MIA","2022","CB","762","3","1","0","0.10","0.25","-0.10","1","0","0.03","-0.03","0.13","0.00","0.08"
"","Bode Davis","RSL","2022","AM","37","0","0","0","0.00","0.00","0.00","1","0","0.13","-0.13","0.13","0.00","0.00"
"","Robin Jansson","ORL","2022","CB","880","4","0","0","0.12","-0.12","-0.12","0","0","0.00","0.00","0.12","0.00","0.08"
"","D.J. Taylor","MIN","2022","FB","241","2","1","0","0.06","-0.04","-0.06","2","0","0.06","-0.06","0.12","0.00","0.05"
"","Tanner Beason","SJE","2022","CB","504","0","0","0","0.00","0.00","0.00","1","0","0.12","-0.12","0.12","0.00","0.00"
"","Alex Bono","TOR","2022","GK","1159","0","0","0","0.00","0.00","0.00","1","0","0.12","-0.12","0.12","0.00","0.00"
"","Zac McGraw","POR","2022","CB","524","1","1","0","0.10","0.17","-0.10","1","0","0.02","-0.02","0.12","0.00","0.10"
"","Yeimar Gómez Andrade","SEA","2022","CB","241","2","0","0","0.12","-0.12","-0.12","0","0","0.00","0.00","0.12","0.00","0.07"
"","Scott Caldwell","RSL","2022","CM","757","1","0","0","0.03","-0.03","-0.03","2","0","0.09","-0.09","0.12","0.00","0.02"
"","Sebastien Ibeagha","LAFC","2022","CB","169","2","0","0","0.11","-0.11","-0.11","0","0","0.00","0.00","0.11","0.00","0.08"
"","Marcus Godinho","VAN","2022","FB","163","1","0","0","0.11","-0.11","-0.11","0","0","0.00","0.00","0.11","0.00","0.04"
"","Drew Skundrich","DCU","2022","CM","335","3","0","0","0.08","-0.08","-0.08","1","0","0.03","-0.03","0.10","0.00","0.06"
"","Ronald Hernández","ATL","2022","FB","343","0","0","0","0.00","0.00","0.00","3","0","0.10","-0.10","0.10","0.00","0.00"
"","Larrys Mabiala","POR","2022","CB","488","1","0","0","0.10","-0.10","-0.10","0","0","0.00","0.00","0.10","0.00","0.07"
"","Chris Mueller","CHI","2022","W","50","2","1","0","0.09","0.10","-0.09","0","0","0.00","0.00","0.09","0.00","0.01"
"","Aaron Herrera","RSL","2022","FB","456","2","1","0","0.05","0.00","-0.05","1","0","0.04","-0.04","0.09","0.00","0.05"
"","Brek Shea","MIA","2022","FB","164","0","0","0","0.00","0.00","0.00","2","0","0.09","-0.09","0.09","0.00","0.00"
"","Alex De John","ATL","2022","CB","82","1","0","0","0.09","-0.09","-0.09","0","0","0.00","0.00","0.09","0.00","0.03"
"","John Nelson","CIN","2022","FB","359","0","0","0","0.00","0.00","0.00","2","0","0.08","-0.08","0.08","0.00","0.00"
"","Ayo Akinola","TOR","2022","W","63","1","1","0","0.08","0.16","-0.08","0","0","0.00","0.00","0.08","0.00","0.01"
"","Jon Gallagher","ATX","2022","FB","443","1","0","0","0.02","-0.02","-0.02","2","0","0.06","-0.06","0.08","0.00","0.01"
"","Niko Tsakiris","SJE","2022","AM","56","2","1","0","0.08","-0.06","-0.08","0","0","0.00","0.00","0.08","0.00","0.02"
"","Eryk Williamson","POR","2022","DM","259","2","0","0","0.05","-0.05","-0.05","2","0","0.03","-0.03","0.08","0.00","0.06"
"","Jairo Quinteros","MIA","2022","CB","310","1","0","0","0.08","-0.08","-0.08","0","0","0.00","0.00","0.08","0.00","0.08"
"","Osvaldo Alonso","ATL","2022","DM","365","1","0","0","0.02","-0.02","-0.02","1","0","0.05","-0.05","0.08","0.00","0.01"
"","Jaziel Orozco","RSL","2022","CB","345","3","1","0","0.08","0.01","-0.08","0","0","0.00","0.00","0.08","0.00","0.03"
"","Anton Walkes","CLT","2022","CB","59","1","0","0","0.07","-0.07","-0.07","0","0","0.00","0.00","0.07","0.00","0.00"
"","Samuel Piette","MTL","2022","CM","138","0","0","0","0.00","0.00","0.00","2","0","0.07","-0.07","0.07","0.00","0.00"
"","Mathieu Choinière","MTL","2022","FB","180","1","0","0","0.04","-0.04","-0.04","1","0","0.03","-0.03","0.07","0.00","0.00"
"","Johan Kappelhof","RSL","2022","CB","100","1","0","0","0.07","-0.07","-0.07","0","0","0.00","0.00","0.07","0.00","0.03"
"","Thiago Martins","NYC","2022","CB","575","2","1","0","0.07","-0.06","-0.07","0","0","0.00","0.00","0.07","0.00","0.04"
"","Collen Warner","COL","2022","CM","158","0","0","0","0.00","0.00","0.00","3","0","0.07","-0.07","0.07","0.00","0.00"
"","Christopher Hegardt","CLT","2022","ST","19","0","0","0","0.00","0.00","0.00","1","0","0.07","-0.07","0.07","0.00","0.00"
"","Kamil Jozwiak","CLT","2022","W","88","0","0","0","0.00","0.00","0.00","2","0","0.07","-0.07","0.07","0.00","0.00"
"","Michael Baldisimo","VAN","2022","CM","180","1","0","0","0.06","-0.06","-0.06","0","0","0.00","0.00","0.06","0.00","0.07"
"","Gustavo Vallecilla","COL","2022","CB","141","2","0","0","0.03","-0.03","-0.03","1","0","0.04","-0.04","0.06","0.00","0.01"
"","Eriq Zavaleta","LAG","2022","CB","64","1","0","0","0.02","-0.02","-0.02","1","0","0.04","-0.04","0.06","0.00","0.02"
"","Aidan Morris","CLB","2022","CM","330","2","0","0","0.06","-0.06","-0.06","0","0","0.00","0.00","0.06","0.00","0.01"
"","Dario Zuparic","POR","2022","CB","359","2","0","0","0.06","-0.06","-0.06","0","0","0.00","0.00","0.06","0.00","0.05"
"","Christian Makoun","CLT","2022","CB","646","1","0","0","0.06","-0.06","-0.06","0","0","0.00","0.00","0.06","0.00","0.03"
"","Ryan Sailor","MIA","2022","CB","97","1","0","0","0.06","-0.06","-0.06","0","0","0.00","0.00","0.06","0.00","0.05"
"","Arquimides Ordonez","CIN","2022","ST","28","2","0","0","0.06","-0.06","-0.06","0","0","0.00","0.00","0.06","0.00","0.09"
"","Jack McGlynn","PHI","2022","CM","117","1","0","0","0.04","-0.04","-0.04","1","0","0.02","-0.02","0.06","0.00","0.04"
"","Tim Melia","SKC","2022","GK","1076","0","0","0","0.00","0.00","0.00","1","0","0.06","-0.06","0.06","0.00","0.00"
"","Sacha Kljestan","LAG","2022","W","214","2","0","0","0.04","-0.04","-0.04","1","0","0.01","-0.01","0.05","0.00","0.04"
"","Nouhou Tolo","SEA","2022","FB","536","1","0","0","0.01","-0.01","-0.01","1","0","0.04","-0.04","0.05","0.00","0.01"
"","Drew Moor","COL","2022","CB","182","1","0","0","0.05","-0.05","-0.05","0","0","0.00","0.00","0.05","0.00","0.01"
"","Brandt Bronico","CLT","2022","DM","944","1","0","0","0.02","-0.02","-0.02","2","0","0.04","-0.04","0.05","0.00","0.01"
"","Leonard Owusu","VAN","2022","CM","172","0","0","0","0.00","0.00","0.00","2","0","0.05","-0.05","0.05","0.00","0.00"
"","Franco Ibarra","ATL","2022","DM","243","2","0","0","0.03","-0.03","-0.03","1","0","0.02","-0.02","0.05","0.00","0.03"
"","Andrew Farrell","NER","2022","CB","864","0","0","0","0.00","0.00","0.00","2","0","0.05","-0.05","0.05","0.00","0.00"
"","Gedion Zelalem","NYC","2022","DM","99","0","0","0","0.00","0.00","0.00","1","0","0.05","-0.05","0.05","0.00","0.00"
"","Wilfrid Kaptoum","NER","2022","DM","109","1","0","0","0.05","-0.05","-0.05","0","0","0.00","0.00","0.05","0.00","0.03"
"","Noah Allen","MIA","2022","FB","358","2","0","0","0.04","-0.04","-0.04","0","0","0.00","0.00","0.04","0.00","0.02"
"","Jonathan Bond","LAG","2022","GK","1001","0","0","0","0.00","0.00","0.00","1","0","0.04","-0.04","0.04","0.00","0.00"
"","Zach Ryan","NYRB","2022","ST","24","0","0","0","0.00","0.00","0.00","1","0","0.04","-0.04","0.04","0.00","0.00"
"","Emiliano Brienza","VAN","2022","ST","8","1","0","0","0.04","-0.04","-0.04","0","0","0.00","0.00","0.04","0.00","0.00"
"","Jasper Löeffelsend","RSL","2022","W","208","0","0","0","0.00","0.00","0.00","1","1","0.04","0.96","0.04","0.00","0.00"
"","Silvester van der Water","ORL","2022","W","65","1","1","0","0.03","0.19","-0.03","0","0","0.00","0.00","0.03","0.00","0.01"
"","A.J. DeLaGarza","NER","2022","FB","100","0","0","0","0.00","0.00","0.00","1","0","0.03","-0.03","0.03","0.00","0.00"
"","Daniel Steres","HOU","2022","CB","388","1","0","0","0.03","-0.03","-0.03","0","0","0.00","0.00","0.03","0.00","0.02"
"","William Richmond","SJE","2022","W","56","1","0","0","0.03","-0.03","-0.03","0","0","0.00","0.00","0.03","0.00","0.03"
"","Zarek Valentin","HOU","2022","FB","138","0","0","0","0.00","0.00","0.00","1","0","0.03","-0.03","0.03","0.00","0.00"
"","Moses Nyeman","DCU","2022","CM","155","1","0","0","0.03","-0.03","-0.03","0","0","0.00","0.00","0.03","0.00","0.03"
"","Eric Miller","NSH","2022","FB","454","0","0","0","0.00","0.00","0.00","1","0","0.03","-0.03","0.03","0.00","0.00"
"","Rubio Rubín","RSL","2022","ST","199","0","0","0","0.00","0.00","0.00","1","0","0.02","-0.02","0.02","0.00","0.00"
"","Samuel Adeniran","SEA","2022","ST","79","1","0","0","0.02","-0.02","-0.02","0","0","0.00","0.00","0.02","0.00","0.02"
"","Jimmy Medranda","SEA","2022","FB","133","1","1","0","0.02","0.00","-0.02","0","0","0.00","0.00","0.02","0.00","0.02"
"","Marlon Hairston","CLB","2022","FB","80","0","0","0","0.00","0.00","0.00","1","0","0.02","-0.02","0.02","0.00","0.00"
"","Steven Beitashour","COL","2022","FB","424","1","0","0","0.02","-0.02","-0.02","0","0","0.00","0.00","0.02","0.00","0.01"
"","Zeca","HOU","2022","FB","182","0","0","0","0.00","0.00","0.00","1","0","0.02","-0.02","0.02","0.00","0.00"
"","George Acosta","MIA","2022","CM","12","1","1","0","0.02","0.09","-0.02","0","0","0.00","0.00","0.02","0.00","0.00"
"","Emerson Hyndman","ATL","2022","DM","68","1","1","0","0.02","0.01","-0.02","0","0","0.00","0.00","0.02","0.00","0.02"
"","Francisco Ginella","LAFC","2022","CM","101","1","0","0","0.02","-0.02","-0.02","0","0","0.00","0.00","0.02","0.00","0.01"
"","Abdoulaye Cissoko","SEA","2022","CB","299","1","1","0","0.02","0.04","-0.02","0","0","0.00","0.00","0.02","0.00","0.02"
"","Aimé Mabika","MIA","2022","CB","318","1","0","0","0.02","-0.02","-0.02","0","0","0.00","0.00","0.02","0.00","0.01"
"","Ryan Spaulding","NER","2022","FB","160","1","0","0","0.02","-0.02","-0.02","0","0","0.00","0.00","0.02","0.00","0.01"
"","Ali Ahmed","VAN","2022","FB","37","0","0","0","0.00","0.00","0.00","1","0","0.02","-0.02","0.02","0.00","0.00"
"","Mohammed Adams","MIA","2022","CM","391","1","0","0","0.01","-0.01","-0.01","0","0","0.00","0.00","0.01","0.00","0.00"
"","Emerson Rodríguez","MIA","2022","W","174","0","0","0","0.00","0.00","0.00","1","0","0.01","-0.01","0.01","0.00","0.00"
"","Tah Brian Anunga","NSH","2022","CM","204","1","0","0","0.01","-0.01","-0.01","0","0","0.00","0.00","0.01","0.00","0.01"
"","Jake Nerwinski","VAN","2022","CB","538","1","0","0","0.01","-0.01","-0.01","0","0","0.00","0.00","0.01","0.00","0.00"
"","Themi Antonoglou","TOR","2022","FB","15","0","0","0","0.00","0.00","0.00","0","0","0.00","0.00","0.00","0.00","0.00"
"","Aiden McFadden","ATL","2022","W","6","0","0","0","0.00","0.00","0.00","0","0","0.00","0.00","0.00","0.00","0.00"
"","Nkosi Burgess","FCD","2022","CB","184","0","0","0","0.00","0.00","0.00","0","0","0.00","0.00","0.00","0.00","0.00"
"","Romain Métanire","MIN","2022","DM","29","0","0","0","0.00","0.00","0.00","0","0","0.00","0.00","0.00","0.00","0.00"
"","Maarten Paes","FCD","2022","GK","991","0","0","0","0.00","0.00","0.00","0","0","0.00","0.00","0.00","0.00","0.00"
"","Judson","SJE","2022","ST","52","0","0","0","0.00","0.00","0.00","0","0","0.00","0.00","0.00","0.00","0.00"
"","Matt Real","PHI","2022","CM","10","0","0","0","0.00","0.00","0.00","0","0","0.00","0.00","0.00","0.00","0.00"
"","Kristijan Kahlina","CLT","2022","GK","1084","0","0","0","0.00","0.00","0.00","0","0","0.00","0.00","0.00","0.00","0.00"
"","Earl Edwards Jr.","NER","2022","GK","399","0","0","0","0.00","0.00","0.00","0","0","0.00","0.00","0.00","0.00","0.00"
"","Brad Guzan","ATL","2022","GK","667","0","0","0","0.00","0.00","0.00","0","0","0.00","0.00","0.00","0.00","0.00"
"","Jake Davis","SKC","2022","CM","25","0","0","0","0.00","0.00","0.00","0","0","0.00","0.00","0.00","0.00","0.00"
"","Ethan Dobbelaere","SEA","2022","FB","84","0","0","0","0.00","0.00","0.00","0","0","0.00","0.00","0.00","0.00","0.00"
"","Paul Rothrock","TOR","2022","CB","5","0","0","0","0.00","0.00","0.00","0","0","0.00","0.00","0.00","0.00","0.00"
"","Bobby Shuttleworth","ATL","2022","GK","322","0","0","0","0.00","0.00","0.00","0","0","0.00","0.00","0.00","0.00","0.00"
"","Gaoussou Samake","DCU","2022","FB","63","0","0","0","0.00","0.00","0.00","0","0","0.00","0.00","0.00","0.00","0.00"
"","Joevin Jones","MIA","2022","FB","28","0","0","0","0.00","0.00","0.00","0","0","0.00","0.00","0.00","0.00","0.00"
"","Kayden Pierre","SKC","2022","W","13","0","0","0","0.00","0.00","0.00","0","0","0.00","0.00","0.00","0.00","0.00"
"","Carlos Coronel","NYRB","2022","GK","998","0","0","0","0.00","0.00","0.00","0","0","0.00","0.00","0.00","0.00","0.00"
"","Ahmed Hamdi","MTL","2022","AM","97","0","0","0","0.00","0.00","0.00","0","0","0.00","0.00","0.00","0.00","0.00"
"","Kelvin Leerdam","LAG","2022","DM","306","0","0","0","0.00","0.00","0.00","0","0","0.00","0.00","0.00","0.00","0.00"
"","Bill Hamid","DCU","2022","GK","672","0","0","0","0.00","0.00","0.00","0","0","0.00","0.00","0.00","0.00","0.00"
"","Aljaz Ivacic","POR","2022","GK","1003","0","0","0","0.00","0.00","0.00","0","0","0.00","0.00","0.00","0.00","0.00"
"","Cody Cropper","VAN","2022","GK","28","0","0","0","0.00","0.00","0.00","0","0","0.00","0.00","0.00","0.00","0.00"
"","Owen Wolff","ATX","2022","DM","44","0","0","0","0.00","0.00","0.00","0","0","0.00","0.00","0.00","0.00","0.00"
"","Joshué Quiñonez","FCD","2022","CB","29","0","0","0","0.00","0.00","0.00","0","0","0.00","0.00","0.00","0.00","0.00"
"","Thiago Fernandes","HOU","2022","W","29","0","0","0","0.00","0.00","0.00","0","0","0.00","0.00","0.00","0.00","0.00"
"","Alec Kann","CIN","2022","GK","695","0","0","0","0.00","0.00","0.00","0","0","0.00","0.00","0.00","0.00","0.00"
"","Christopher Garcia","RSL","2022","W","9","0","0","0","0.00","0.00","0.00","0","0","0.00","0.00","0.00","0.00","0.00"
"","George Fochive","POR","2022","CM","35","0","0","0","0.00","0.00","0.00","0","0","0.00","0.00","0.00","0.00","0.00"
"","Jared Stroud","ATX","2022","W","27","0","0","0","0.00","0.00","0.00","0","0","0.00","0.00","0.00","0.00","0.00"
"","Andre Blake","PHI","2022","GK","1001","0","0","0","0.00","0.00","0.00","0","0","0.00","0.00","0.00","0.00","0.00"
"","Steve Clark","HOU","2022","GK","994","0","0","0","0.00","0.00","0.00","0","0","0.00","0.00","0.00","0.00","0.00"
"","Cal Jennings","LAFC","2022","W","11","0","0","0","0.00","0.00","0.00","0","0","0.00","0.00","0.00","0.00","0.00"
"","Jalil Anibaba","CLB","2022","CB","6","0","0","0","0.00","0.00","0.00","0","0","0.00","0.00","0.00","0.00","0.00"
"","Rafael Romo","DCU","2022","GK","45","0","0","0","0.00","0.00","0.00","0","0","0.00","0.00","0.00","0.00","0.00"
"","Azaad Liadi","DCU","2022","AM","14","0","0","0","0.00","0.00","0.00","0","0","0.00","0.00","0.00","0.00","0.00"
"","Steffen Yeates","TOR","2022","FB","43","0","0","0","0.00","0.00","0.00","0","0","0.00","0.00","0.00","0.00","0.00"
"","Maciel","NER","2022","DM","184","0","0","0","0.00","0.00","0.00","0","0","0.00","0.00","0.00","0.00","0.00"
"","Rodney Redes","ATX","2022","W","87","0","0","0","0.00","0.00","0.00","0","0","0.00","0.00","0.00","0.00","0.00"
"","Blake Bodily","POR","2022","ST","30","0","0","0","0.00","0.00","0.00","0","0","0.00","0.00","0.00","0.00","0.00"
"","Sean Johnson","NYC","2022","GK","942","0","0","0","0.00","0.00","0.00","0","0","0.00","0.00","0.00","0.00","0.00"
"","Nick Marsman","MIA","2022","GK","494","0","0","0","0.00","0.00","0.00","0","0","0.00","0.00","0.00","0.00","0.00"
"","Drake Callender","MIA","2022","GK","198","0","0","0","0.00","0.00","0.00","0","0","0.00","0.00","0.00","0.00","0.00"
"","Vuk Latinovich","NYC","2022","CB","27","0","0","0","0.00","0.00","0.00","0","0","0.00","0.00","0.00","0.00","0.00"
"","Diego Gutiérrez","POR","2022","ST","9","0","0","0","0.00","0.00","0.00","0","0","0.00","0.00","0.00","0.00","0.00"
"","Darren Yapi","COL","2022","W","7","0","0","0","0.00","0.00","0.00","0","0","0.00","0.00","0.00","0.00","0.00"
"","Florian Jungwirth","VAN","2022","CB","246","0","0","0","0.00","0.00","0.00","0","0","0.00","0.00","0.00","0.00","0.00"
"","William Yarbrough","COL","2022","GK","991","0","0","0","0.00","0.00","0.00","0","0","0.00","0.00","0.00","0.00","0.00"
"","Theodore Ku-Dipietro","DCU","2022","AM","38","0","0","0","0.00","0.00","0.00","0","0","0.00","0.00","0.00","0.00","0.00"
"","Kalil ElMedkhar","FCD","2022","CM","20","0","0","0","0.00","0.00","0.00","0","0","0.00","0.00","0.00","0.00","0.00"
"","Jojea Kwizera","MTL","2022","AM","9","0","0","0","0.00","0.00","0.00","0","0","0.00","0.00","0.00","0.00","0.00"
"","Anderson Julio","RSL","2022","ST","21","0","0","0","0.00","0.00","0.00","0","0","0.00","0.00","0.00","0.00","0.00"
"","Chris Mavinga","TOR","2022","CB","343","0","0","0","0.00","0.00","0.00","0","0","0.00","0.00","0.00","0.00","0.00"
"","Kipp Keller","ATX","2022","CB","126","0","0","0","0.00","0.00","0.00","0","0","0.00","0.00","0.00","0.00","0.00"
"","Derrick Jones","CLT","2022","DM","104","0","0","0","0.00","0.00","0.00","0","0","0.00","0.00","0.00","0.00","0.00"
"","Roman Celentano","CIN","2022","GK","393","0","0","0","0.00","0.00","0.00","0","0","0.00","0.00","0.00","0.00","0.00"
"","Tyler Miller","MIN","2022","GK","197","0","0","0","0.00","0.00","0.00","0","0","0.00","0.00","0.00","0.00","0.00"
"","Stefan Cleveland","SEA","2022","GK","295","0","0","0","0.00","0.00","0.00","0","0","0.00","0.00","0.00","0.00","0.00"
"","Joe Willis","NSH","2022","GK","993","0","0","0","0.00","0.00","0.00","0","0","0.00","0.00","0.00","0.00","0.00"
"","Pablo Bonilla","POR","2022","FB","152","0","0","0","0.00","0.00","0.00","0","0","0.00","0.00","0.00","0.00","0.00"
"","Thomas Hasal","VAN","2022","GK","872","0","0","0","0.00","0.00","0.00","0","0","0.00","0.00","0.00","0.00","0.00"
"","Jacori Hayes","MIN","2022","AM","14","0","0","0","0.00","0.00","0.00","0","0","0.00","0.00","0.00","0.00","0.00"
"","Tony Alfaro","DCU","2022","CB","121","0","0","0","0.00","0.00","0.00","0","0","0.00","0.00","0.00","0.00","0.00"
"","José Mauri","SKC","2022","DM","27","0","0","0","0.00","0.00","0.00","0","0","0.00","0.00","0.00","0.00","0.00"
"","Jon Kempin","DCU","2022","GK","199","0","0","0","0.00","0.00","0.00","0","0","0.00","0.00","0.00","0.00","0.00"
"","Daniel Edelman","NYRB","2022","CM","30","0","0","0","0.00","0.00","0.00","0","0","0.00","0.00","0.00","0.00","0.00"
"","Jonathan Bell","NER","2022","CB","198","0","0","0","0.00","0.00","0.00","0","0","0.00","0.00","0.00","0.00","0.00"
"","Andrew Tarbell","ATX","2022","GK","195","0","0","0","0.00","0.00","0.00","0","0","0.00","0.00","0.00","0.00","0.00"
"","Victor Bezerra","CHI","2022","ST","14","0","0","0","0.00","0.00","0.00","0","0","0.00","0.00","0.00","0.00","0.00"
"","Pierre Reedy","RSL","2022","W","12","0","0","0","0.00","0.00","0.00","0","0","0.00","0.00","0.00","0.00","0.00"
"","Maxime Crépeau","LAFC","2022","GK","1000","0","0","0","0.00","0.00","0.00","0","0","0.00","0.00","0.00","0.00","0.00"
"","Pedro Gallese","ORL","2022","GK","996","0","0","0","0.00","0.00","0.00","0","0","0.00","0.00","0.00","0.00","0.00"
"","Dayne St. Clair","MIN","2022","GK","776","0","0","0","0.00","0.00","0.00","0","0","0.00","0.00","0.00","0.00","0.00"
"","Jack Lynn","ORL","2022","CB","7","0","0","0","0.00","0.00","0.00","0","0","0.00","0.00","0.00","0.00","0.00"
"","Ralph Priso-Mbongue","TOR","2022","DM","63","0","0","0","0.00","0.00","0.00","0","0","0.00","0.00","0.00","0.00","0.00"
"","Javier Casas","CHI","2022","DM","22","0","0","0","0.00","0.00","0.00","0","0","0.00","0.00","0.00","0.00","0.00"
"","Serge Ngoma","NYRB","2022","AM","34","0","0","0","0.00","0.00","0.00","0","0","0.00","0.00","0.00","0.00","0.00"
"","Clément Diop","MIA","2022","GK","298","0","0","0","0.00","0.00","0.00","0","0","0.00","0.00","0.00","0.00","0.00"
"","JT Marcinkowski","SJE","2022","GK","994","0","0","0","0.00","0.00","0.00","0","0","0.00","0.00","0.00","0.00","0.00"
"","Jhojan Valencia","ATX","2022","DM","209","0","0","0","0.00","0.00","0.00","0","0","0.00","0.00","0.00","0.00","0.00"
"","Jack Maher","NSH","2022","CB","620","0","0","0","0.00","0.00","0.00","0","0","0.00","0.00","0.00","0.00","0.00"
"","Andre Reynolds","CHI","2022","W","60","0","0","0","0.00","0.00","0.00","0","0","0.00","0.00","0.00","0.00","0.00"
"","Kobe Franklin","TOR","2022","CB","17","0","0","0","0.00","0.00","0.00","0","0","0.00","0.00","0.00","0.00","0.00"
"","Sam Junqua","HOU","2022","W","25","0","0","0","0.00","0.00","0.00","0","0","0.00","0.00","0.00","0.00","0.00"
"","Andrés Perea","ORL","2022","DM","172","0","0","0","0.00","0.00","0.00","0","0","0.00","0.00","0.00","0.00","0.00"
"","Edwin Munjoma","FCD","2022","W","11","0","0","0","0.00","0.00","0.00","0","0","0.00","0.00","0.00","0.00","0.00"
"","Róbert Orri Thorkelsson","MTL","2022","FB","69","0","0","0","0.00","0.00","0.00","0","0","0.00","0.00","0.00","0.00","0.00"
"","Kim Moon-Hwan","LAFC","2022","FB","83","0","0","0","0.00","0.00","0.00","0","0","0.00","0.00","0.00","0.00","0.00"
"","Chase Gasper","LAG","2022","W","36","0","0","0","0.00","0.00","0.00","0","0","0.00","0.00","0.00","0.00","0.00"
"","Thomas Williams","ORL","2022","CB","153","0","0","0","0.00","0.00","0.00","0","0","0.00","0.00","0.00","0.00","0.00"
"","Brad Stuver","ATX","2022","GK","800","0","0","0","0.00","0.00","0.00","0","0","0.00","0.00","0.00","0.00","0.00"
"","Harrison Afful","CLT","2022","W","79","0","0","0","0.00","0.00","0.00","0","0","0.00","0.00","0.00","0.00","0.00"
"","Quinn Sullivan","PHI","2022","W","169","0","0","0","0.00","0.00","0.00","0","0","0.00","0.00","0.00","0.00","0.00"
"","Sebastian Breza","MTL","2022","GK","995","0","0","0","0.00","0.00","0.00","0","0","0.00","0.00","0.00","0.00","0.00"
"","Matt Turner","NER","2022","GK","194","0","0","0","0.00","0.00","0.00","0","0","0.00","0.00","0.00","0.00","0.00"
"","Nick Besler","RSL","2022","CB","47","0","0","0","0.00","0.00","0.00","0","0","0.00","0.00","0.00","0.00","0.00"
"","Mason Stajduhar","ORL","2022","GK","99","0","0","0","0.00","0.00","0.00","0","0","0.00","0.00","0.00","0.00","0.00"
"","Gabriel Slonina","CHI","2022","GK","983","0","0","0","0.00","0.00","0.00","0","0","0.00","0.00","0.00","0.00","0.00"
"","Brad Knighton","NER","2022","GK","398","0","0","0","0.00","0.00","0.00","0","0","0.00","0.00","0.00","0.00","0.00"
"","Robert Voloder","SKC","2022","CB","298","0","0","0","0.00","0.00","0.00","0","0","0.00","0.00","0.00","0.00","0.00"
"","Eloy Room","CLB","2022","GK","993","0","0","0","0.00","0.00","0.00","0","0","0.00","0.00","0.00","0.00","0.00"
"","Doneil Henry","LAFC","2022","CB","155","0","0","0","0.00","0.00","0.00","0","0","0.00","0.00","0.00","0.00","0.00"
"","Ethan Zubak","NSH","2022","ST","7","0","0","0","0.00","0.00","0.00","0","0","0.00","0.00","0.00","0.00","0.00"
"","Sebastian Anderson","COL","2022","FB","17","0","0","0","0.00","0.00","0.00","0","0","0.00","0.00","0.00","0.00","0.00"
"","Stefan Frei","SEA","2022","GK","494","0","0","0","0.00","0.00","0.00","0","0","0.00","0.00","0.00","0.00","0.00"
"","Zico Bailey","CIN","2022","FB","88","0","0","0","0.00","0.00","0.00","0","0","0.00","0.00","0.00","0.00","0.00"
"","Chris Odoi-Atsem","DCU","2022","FB","105","0","0","0","0.00","0.00","0.00","0","0","0.00","0.00","0.00","0.00","0.00"
"","Zac MacMath","RSL","2022","GK","1088","0","0","0","0.00","0.00","0.00","0","0","0.00","0.00","0.00","0.00","0.00"
"","David Bingham","POR","2022","GK","100","0","0","0","0.00","0.00","0.00","0","0","0.00","0.00","0.00","0.00","0.00"
"","Obinna Nwobodo","CIN","2022","DM","195","0","0","0","0.00","0.00","0.00","0","0","0.00","0.00","0.00","0.00","0.00"
"","Erik Godoy","VAN","2022","CB","101","0","0","0","0.00","0.00","0.00","0","0","0.00","0.00","0.00","0.00","0.00"
"","Daniel Aguirre","LAG","2022","DM","17","0","0","0","0.00","0.00","0.00","0","0","0.00","0.00","0.00","0.00","0.00"
"","Victor Ulloa","MIA","2022","W","29","0","0","0","0.00","0.00","0.00","0","0","0.00","0.00","0.00","0.00","0.00"